cdm_name,analysis_id,stratum_1,stratum_2,stratum_3,stratum_4,stratum_5,count_value,min_value,max_value,avg_value,stdev_value,median_value,p10_value,p25_value,p75_value,p90_value
CDW Bordeaux,100,NA,NA,NA,NA,NA,107102,NA,NA,NA,NA,NA,NA,NA,NA,NA
CDW Bordeaux,101,NA,NA,NA,NA,NA,78871,NA,NA,NA,NA,NA,NA,NA,NA,NA
CDW Bordeaux,200,10-19,NA,NA,NA,NA,5735,NA,NA,NA,NA,NA,NA,NA,NA,NA
CDW Bordeaux,200,20-29,NA,NA,NA,NA,45581,NA,NA,NA,NA,NA,NA,NA,NA,NA
CDW Bordeaux,200,30-39,NA,NA,NA,NA,50338,NA,NA,NA,NA,NA,NA,NA,NA,NA
CDW Bordeaux,200,40-49,NA,NA,NA,NA,5389,NA,NA,NA,NA,NA,NA,NA,NA,NA
CDW Bordeaux,200,50-59,NA,NA,NA,NA,58,NA,NA,NA,NA,NA,NA,NA,NA,NA
CDW Bordeaux,201,NA,NA,NA,NA,NA,107102,14.1984941820671,55.1184120465435,29.6310130378954,NA,29.8370978781656,NA,25.3333333333333,33.8945927446954,NA
CDW Bordeaux,300,2010,NA,NA,NA,NA,6485,NA,NA,NA,NA,NA,NA,NA,NA,NA
CDW Bordeaux,300,2011,NA,NA,NA,NA,6438,NA,NA,NA,NA,NA,NA,NA,NA,NA
CDW Bordeaux,300,2012,NA,NA,NA,NA,6559,NA,NA,NA,NA,NA,NA,NA,NA,NA
CDW Bordeaux,300,2013,NA,NA,NA,NA,6951,NA,NA,NA,NA,NA,NA,NA,NA,NA
CDW Bordeaux,300,2014,NA,NA,NA,NA,6979,NA,NA,NA,NA,NA,NA,NA,NA,NA
CDW Bordeaux,300,2015,NA,NA,NA,NA,7110,NA,NA,NA,NA,NA,NA,NA,NA,NA
CDW Bordeaux,300,2016,NA,NA,NA,NA,7167,NA,NA,NA,NA,NA,NA,NA,NA,NA
CDW Bordeaux,300,2017,NA,NA,NA,NA,7276,NA,NA,NA,NA,NA,NA,NA,NA,NA
CDW Bordeaux,300,2018,NA,NA,NA,NA,7532,NA,NA,NA,NA,NA,NA,NA,NA,NA
CDW Bordeaux,300,2019,NA,NA,NA,NA,7336,NA,NA,NA,NA,NA,NA,NA,NA,NA
CDW Bordeaux,300,2020,NA,NA,NA,NA,7313,NA,NA,NA,NA,NA,NA,NA,NA,NA
CDW Bordeaux,300,2021,NA,NA,NA,NA,7528,NA,NA,NA,NA,NA,NA,NA,NA,NA
CDW Bordeaux,300,2022,NA,NA,NA,NA,7093,NA,NA,NA,NA,NA,NA,NA,NA,NA
CDW Bordeaux,300,2023,NA,NA,NA,NA,7181,NA,NA,NA,NA,NA,NA,NA,NA,NA
CDW Bordeaux,300,2024,NA,NA,NA,NA,5159,NA,NA,NA,NA,NA,NA,NA,NA,NA
CDW Bordeaux,300,2025,NA,NA,NA,NA,74,NA,NA,NA,NA,NA,NA,NA,NA,NA
CDW Bordeaux,400,NA,NA,NA,NA,NA,NA,6.428571428571429,79.14285714285714,36.02597657239957,9.984022272382214,44,NA,24,44,NA
CDW Bordeaux,500,AB,NA,NA,NA,NA,24638,NA,NA,NA,NA,NA,NA,NA,NA,NA
CDW Bordeaux,500,DELIV,NA,NA,NA,NA,75359,NA,NA,NA,NA,NA,NA,NA,NA,NA
CDW Bordeaux,500,ECT,NA,NA,NA,NA,1801,NA,NA,NA,NA,NA,NA,NA,NA,NA
CDW Bordeaux,500,LB,NA,NA,NA,NA,32,NA,NA,NA,NA,NA,NA,NA,NA,NA
CDW Bordeaux,500,PREG,NA,NA,NA,NA,2298,NA,NA,NA,NA,NA,NA,NA,NA,NA
CDW Bordeaux,500,SA,NA,NA,NA,NA,2638,NA,NA,NA,NA,NA,NA,NA,NA,NA
CDW Bordeaux,500,SB,NA,NA,NA,NA,336,NA,NA,NA,NA,NA,NA,NA,NA,NA
CDW Bordeaux,501,AB,NA,NA,NA,NA,21396,NA,NA,NA,NA,NA,NA,NA,NA,NA
CDW Bordeaux,501,DELIV,NA,NA,NA,NA,58213,NA,NA,NA,NA,NA,NA,NA,NA,NA
CDW Bordeaux,501,ECT,NA,NA,NA,NA,1724,NA,NA,NA,NA,NA,NA,NA,NA,NA
CDW Bordeaux,501,LB,NA,NA,NA,NA,32,NA,NA,NA,NA,NA,NA,NA,NA,NA
CDW Bordeaux,501,PREG,NA,NA,NA,NA,2268,NA,NA,NA,NA,NA,NA,NA,NA,NA
CDW Bordeaux,501,SA,NA,NA,NA,NA,2495,NA,NA,NA,NA,NA,NA,NA,NA,NA
CDW Bordeaux,501,SB,NA,NA,NA,NA,326,NA,NA,NA,NA,NA,NA,NA,NA,NA
CDW Bordeaux,600,cesarean,AB,NA,NA,NA,3,NA,NA,NA,NA,NA,NA,NA,NA,NA
CDW Bordeaux,600,cesarean,DELIV,NA,NA,NA,7609,NA,NA,NA,NA,NA,NA,NA,NA,NA
CDW Bordeaux,600,cesarean,ECT,NA,NA,NA,1,NA,NA,NA,NA,NA,NA,NA,NA,NA
CDW Bordeaux,600,cesarean,LB,NA,NA,NA,5,NA,NA,NA,NA,NA,NA,NA,NA,NA
CDW Bordeaux,600,cesarean,PREG,NA,NA,NA,6,NA,NA,NA,NA,NA,NA,NA,NA,NA
CDW Bordeaux,600,cesarean,SA,NA,NA,NA,1,NA,NA,NA,NA,NA,NA,NA,NA,NA
CDW Bordeaux,600,cesarean,SB,NA,NA,NA,12,NA,NA,NA,NA,NA,NA,NA,NA,NA
CDW Bordeaux,600,vaginal,AB,NA,NA,NA,7,NA,NA,NA,NA,NA,NA,NA,NA,NA
CDW Bordeaux,600,vaginal,DELIV,NA,NA,NA,86041,NA,NA,NA,NA,NA,NA,NA,NA,NA
CDW Bordeaux,600,vaginal,ECT,NA,NA,NA,6,NA,NA,NA,NA,NA,NA,NA,NA,NA
CDW Bordeaux,600,vaginal,LB,NA,NA,NA,28,NA,NA,NA,NA,NA,NA,NA,NA,NA
CDW Bordeaux,600,vaginal,PREG,NA,NA,NA,41,NA,NA,NA,NA,NA,NA,NA,NA,NA
CDW Bordeaux,600,vaginal,SA,NA,NA,NA,66,NA,NA,NA,NA,NA,NA,NA,NA,NA
CDW Bordeaux,600,vaginal,SB,NA,NA,NA,240,NA,NA,NA,NA,NA,NA,NA,NA,NA
CDW Bordeaux,601,cesarean,AB,NA,NA,NA,2,NA,NA,NA,NA,NA,NA,NA,NA,NA
CDW Bordeaux,601,cesarean,DELIV,NA,NA,NA,7078,NA,NA,NA,NA,NA,NA,NA,NA,NA
CDW Bordeaux,601,cesarean,ECT,NA,NA,NA,1,NA,NA,NA,NA,NA,NA,NA,NA,NA
CDW Bordeaux,601,cesarean,LB,NA,NA,NA,5,NA,NA,NA,NA,NA,NA,NA,NA,NA
CDW Bordeaux,601,cesarean,PREG,NA,NA,NA,6,NA,NA,NA,NA,NA,NA,NA,NA,NA
CDW Bordeaux,601,cesarean,SA,NA,NA,NA,1,NA,NA,NA,NA,NA,NA,NA,NA,NA
CDW Bordeaux,601,cesarean,SB,NA,NA,NA,10,NA,NA,NA,NA,NA,NA,NA,NA,NA
CDW Bordeaux,601,vaginal,AB,NA,NA,NA,4,NA,NA,NA,NA,NA,NA,NA,NA,NA
CDW Bordeaux,601,vaginal,DELIV,NA,NA,NA,58306,NA,NA,NA,NA,NA,NA,NA,NA,NA
CDW Bordeaux,601,vaginal,ECT,NA,NA,NA,5,NA,NA,NA,NA,NA,NA,NA,NA,NA
CDW Bordeaux,601,vaginal,LB,NA,NA,NA,14,NA,NA,NA,NA,NA,NA,NA,NA,NA
CDW Bordeaux,601,vaginal,PREG,NA,NA,NA,32,NA,NA,NA,NA,NA,NA,NA,NA,NA
CDW Bordeaux,601,vaginal,SA,NA,NA,NA,57,NA,NA,NA,NA,NA,NA,NA,NA,NA
CDW Bordeaux,601,vaginal,SB,NA,NA,NA,212,NA,NA,NA,NA,NA,NA,NA,NA,NA
CDW Bordeaux,700,NA,NA,NA,NA,NA,78876,1,10,1.3584360261676556,0.6614999683707653,1,1,1,2,2
CPRD-GOLD,100,NA,NA,NA,NA,NA,691169,NA,NA,NA,NA,NA,NA,NA,NA,NA
CPRD-GOLD,101,NA,NA,NA,NA,NA,501050,NA,NA,NA,NA,NA,NA,NA,NA,NA
CPRD-GOLD,200,10-19,NA,NA,NA,NA,33914,NA,NA,NA,NA,NA,NA,NA,NA,NA
CPRD-GOLD,200,20-29,NA,NA,NA,NA,289976,NA,NA,NA,NA,NA,NA,NA,NA,NA
CPRD-GOLD,200,30-39,NA,NA,NA,NA,325064,NA,NA,NA,NA,NA,NA,NA,NA,NA
CPRD-GOLD,200,40-49,NA,NA,NA,NA,41693,NA,NA,NA,NA,NA,NA,NA,NA,NA
CPRD-GOLD,200,50-59,NA,NA,NA,NA,521,NA,NA,NA,NA,NA,NA,NA,NA,NA
CPRD-GOLD,201,NA,NA,NA,NA,NA,691169,14.1683778234086,55.6084873374401,29.879218092142,NA,30.0342231348392,NA,25.2922655715264,34.3244353182752,NA
CPRD-GOLD,300,2009,NA,NA,NA,NA,102,NA,NA,NA,NA,NA,NA,NA,NA,NA
CPRD-GOLD,300,2010,NA,NA,NA,NA,84533,NA,NA,NA,NA,NA,NA,NA,NA,NA
CPRD-GOLD,300,2011,NA,NA,NA,NA,82586,NA,NA,NA,NA,NA,NA,NA,NA,NA
CPRD-GOLD,300,2012,NA,NA,NA,NA,76185,NA,NA,NA,NA,NA,NA,NA,NA,NA
CPRD-GOLD,300,2013,NA,NA,NA,NA,69512,NA,NA,NA,NA,NA,NA,NA,NA,NA
CPRD-GOLD,300,2014,NA,NA,NA,NA,60998,NA,NA,NA,NA,NA,NA,NA,NA,NA
CPRD-GOLD,300,2015,NA,NA,NA,NA,50809,NA,NA,NA,NA,NA,NA,NA,NA,NA
CPRD-GOLD,300,2016,NA,NA,NA,NA,44283,NA,NA,NA,NA,NA,NA,NA,NA,NA
CPRD-GOLD,300,2017,NA,NA,NA,NA,39882,NA,NA,NA,NA,NA,NA,NA,NA,NA
CPRD-GOLD,300,2018,NA,NA,NA,NA,36679,NA,NA,NA,NA,NA,NA,NA,NA,NA
CPRD-GOLD,300,2019,NA,NA,NA,NA,32471,NA,NA,NA,NA,NA,NA,NA,NA,NA
CPRD-GOLD,300,2020,NA,NA,NA,NA,27583,NA,NA,NA,NA,NA,NA,NA,NA,NA
CPRD-GOLD,300,2021,NA,NA,NA,NA,25833,NA,NA,NA,NA,NA,NA,NA,NA,NA
CPRD-GOLD,300,2022,NA,NA,NA,NA,24683,NA,NA,NA,NA,NA,NA,NA,NA,NA
CPRD-GOLD,300,2023,NA,NA,NA,NA,24175,NA,NA,NA,NA,NA,NA,NA,NA,NA
CPRD-GOLD,300,2024,NA,NA,NA,NA,6807,NA,NA,NA,NA,NA,NA,NA,NA,NA
CPRD-GOLD,400,NA,NA,NA,NA,NA,NA,-252.57142857142858,571.4285714285714,36.96985004494457,11.576823736943599,44,NA,24,44,NA
CPRD-GOLD,500,AB,NA,NA,NA,NA,94286,NA,NA,NA,NA,NA,NA,NA,NA,NA
CPRD-GOLD,500,DELIV,NA,NA,NA,NA,332016,NA,NA,NA,NA,NA,NA,NA,NA,NA
CPRD-GOLD,500,ECT,NA,NA,NA,NA,9044,NA,NA,NA,NA,NA,NA,NA,NA,NA
CPRD-GOLD,500,LB,NA,NA,NA,NA,141192,NA,NA,NA,NA,NA,NA,NA,NA,NA
CPRD-GOLD,500,PREG,NA,NA,NA,NA,7702,NA,NA,NA,NA,NA,NA,NA,NA,NA
CPRD-GOLD,500,SA,NA,NA,NA,NA,105228,NA,NA,NA,NA,NA,NA,NA,NA,NA
CPRD-GOLD,500,SB,NA,NA,NA,NA,1701,NA,NA,NA,NA,NA,NA,NA,NA,NA
CPRD-GOLD,501,AB,NA,NA,NA,NA,83917,NA,NA,NA,NA,NA,NA,NA,NA,NA
CPRD-GOLD,501,DELIV,NA,NA,NA,NA,286227,NA,NA,NA,NA,NA,NA,NA,NA,NA
CPRD-GOLD,501,ECT,NA,NA,NA,NA,8602,NA,NA,NA,NA,NA,NA,NA,NA,NA
CPRD-GOLD,501,LB,NA,NA,NA,NA,119673,NA,NA,NA,NA,NA,NA,NA,NA,NA
CPRD-GOLD,501,PREG,NA,NA,NA,NA,7634,NA,NA,NA,NA,NA,NA,NA,NA,NA
CPRD-GOLD,501,SA,NA,NA,NA,NA,90838,NA,NA,NA,NA,NA,NA,NA,NA,NA
CPRD-GOLD,501,SB,NA,NA,NA,NA,1687,NA,NA,NA,NA,NA,NA,NA,NA,NA
CPRD-GOLD,600,cesarean,AB,NA,NA,NA,10,NA,NA,NA,NA,NA,NA,NA,NA,NA
CPRD-GOLD,600,cesarean,DELIV,NA,NA,NA,59116,NA,NA,NA,NA,NA,NA,NA,NA,NA
CPRD-GOLD,600,cesarean,ECT,NA,NA,NA,2,NA,NA,NA,NA,NA,NA,NA,NA,NA
CPRD-GOLD,600,cesarean,LB,NA,NA,NA,5181,NA,NA,NA,NA,NA,NA,NA,NA,NA
CPRD-GOLD,600,cesarean,PREG,NA,NA,NA,20,NA,NA,NA,NA,NA,NA,NA,NA,NA
CPRD-GOLD,600,cesarean,SA,NA,NA,NA,24,NA,NA,NA,NA,NA,NA,NA,NA,NA
CPRD-GOLD,600,cesarean,SB,NA,NA,NA,44,NA,NA,NA,NA,NA,NA,NA,NA,NA
CPRD-GOLD,600,vaginal,AB,NA,NA,NA,22,NA,NA,NA,NA,NA,NA,NA,NA,NA
CPRD-GOLD,600,vaginal,DELIV,NA,NA,NA,93241,NA,NA,NA,NA,NA,NA,NA,NA,NA
CPRD-GOLD,600,vaginal,ECT,NA,NA,NA,3,NA,NA,NA,NA,NA,NA,NA,NA,NA
CPRD-GOLD,600,vaginal,LB,NA,NA,NA,101839,NA,NA,NA,NA,NA,NA,NA,NA,NA
CPRD-GOLD,600,vaginal,PREG,NA,NA,NA,33,NA,NA,NA,NA,NA,NA,NA,NA,NA
CPRD-GOLD,600,vaginal,SA,NA,NA,NA,18,NA,NA,NA,NA,NA,NA,NA,NA,NA
CPRD-GOLD,600,vaginal,SB,NA,NA,NA,38,NA,NA,NA,NA,NA,NA,NA,NA,NA
CPRD-GOLD,601,cesarean,AB,NA,NA,NA,10,NA,NA,NA,NA,NA,NA,NA,NA,NA
CPRD-GOLD,601,cesarean,DELIV,NA,NA,NA,56818,NA,NA,NA,NA,NA,NA,NA,NA,NA
CPRD-GOLD,601,cesarean,ECT,NA,NA,NA,2,NA,NA,NA,NA,NA,NA,NA,NA,NA
CPRD-GOLD,601,cesarean,LB,NA,NA,NA,4964,NA,NA,NA,NA,NA,NA,NA,NA,NA
CPRD-GOLD,601,cesarean,PREG,NA,NA,NA,18,NA,NA,NA,NA,NA,NA,NA,NA,NA
CPRD-GOLD,601,cesarean,SA,NA,NA,NA,23,NA,NA,NA,NA,NA,NA,NA,NA,NA
CPRD-GOLD,601,cesarean,SB,NA,NA,NA,44,NA,NA,NA,NA,NA,NA,NA,NA,NA
CPRD-GOLD,601,vaginal,AB,NA,NA,NA,20,NA,NA,NA,NA,NA,NA,NA,NA,NA
CPRD-GOLD,601,vaginal,DELIV,NA,NA,NA,90109,NA,NA,NA,NA,NA,NA,NA,NA,NA
CPRD-GOLD,601,vaginal,ECT,NA,NA,NA,3,NA,NA,NA,NA,NA,NA,NA,NA,NA
CPRD-GOLD,601,vaginal,LB,NA,NA,NA,97994,NA,NA,NA,NA,NA,NA,NA,NA,NA
CPRD-GOLD,601,vaginal,PREG,NA,NA,NA,33,NA,NA,NA,NA,NA,NA,NA,NA,NA
CPRD-GOLD,601,vaginal,SA,NA,NA,NA,17,NA,NA,NA,NA,NA,NA,NA,NA,NA
CPRD-GOLD,601,vaginal,SB,NA,NA,NA,37,NA,NA,NA,NA,NA,NA,NA,NA,NA
CPRD-GOLD,700,NA,NA,NA,NA,NA,501055,1,14,1.3795551386574327,0.6885626216377978,1,1,1,2,2
DK-DHR,100,NA,NA,NA,NA,NA,1068924,NA,NA,NA,NA,NA,NA,NA,NA,NA
DK-DHR,101,NA,NA,NA,NA,NA,581154,NA,NA,NA,NA,NA,NA,NA,NA,NA
DK-DHR,200,10-19,NA,NA,NA,NA,28958,NA,NA,NA,NA,NA,NA,NA,NA,NA
DK-DHR,200,20-29,NA,NA,NA,NA,465545,NA,NA,NA,NA,NA,NA,NA,NA,NA
DK-DHR,200,30-39,NA,NA,NA,NA,522576,NA,NA,NA,NA,NA,NA,NA,NA,NA
DK-DHR,200,40-49,NA,NA,NA,NA,50848,NA,NA,NA,NA,NA,NA,NA,NA,NA
DK-DHR,200,50-59,NA,NA,NA,NA,995,NA,NA,NA,NA,NA,NA,NA,NA,NA
DK-DHR,201,NA,NA,NA,NA,NA,1068924,14.1656399726215,55.564681724846,30.1419225030122,NA,30.0068446269678,NA,26.4585900068446,33.7960301163587,NA
DK-DHR,300,2009,NA,NA,NA,NA,50,NA,NA,NA,NA,NA,NA,NA,NA,NA
DK-DHR,300,2010,NA,NA,NA,NA,80603,NA,NA,NA,NA,NA,NA,NA,NA,NA
DK-DHR,300,2011,NA,NA,NA,NA,78487,NA,NA,NA,NA,NA,NA,NA,NA,NA
DK-DHR,300,2012,NA,NA,NA,NA,76084,NA,NA,NA,NA,NA,NA,NA,NA,NA
DK-DHR,300,2013,NA,NA,NA,NA,75464,NA,NA,NA,NA,NA,NA,NA,NA,NA
DK-DHR,300,2014,NA,NA,NA,NA,76054,NA,NA,NA,NA,NA,NA,NA,NA,NA
DK-DHR,300,2015,NA,NA,NA,NA,79090,NA,NA,NA,NA,NA,NA,NA,NA,NA
DK-DHR,300,2016,NA,NA,NA,NA,78498,NA,NA,NA,NA,NA,NA,NA,NA,NA
DK-DHR,300,2017,NA,NA,NA,NA,79022,NA,NA,NA,NA,NA,NA,NA,NA,NA
DK-DHR,300,2018,NA,NA,NA,NA,72939,NA,NA,NA,NA,NA,NA,NA,NA,NA
DK-DHR,300,2019,NA,NA,NA,NA,70764,NA,NA,NA,NA,NA,NA,NA,NA,NA
DK-DHR,300,2020,NA,NA,NA,NA,74311,NA,NA,NA,NA,NA,NA,NA,NA,NA
DK-DHR,300,2021,NA,NA,NA,NA,72504,NA,NA,NA,NA,NA,NA,NA,NA,NA
DK-DHR,300,2022,NA,NA,NA,NA,72655,NA,NA,NA,NA,NA,NA,NA,NA,NA
DK-DHR,300,2023,NA,NA,NA,NA,72058,NA,NA,NA,NA,NA,NA,NA,NA,NA
DK-DHR,300,2024,NA,NA,NA,NA,7568,NA,NA,NA,NA,NA,NA,NA,NA,NA
DK-DHR,400,NA,NA,NA,NA,NA,NA,12,97,38.59708093639686,9.811426467324727,44,NA,41.714285714285715,44,NA
DK-DHR,500,AB,NA,NA,NA,NA,149806,NA,NA,NA,NA,NA,NA,NA,NA,NA
DK-DHR,500,DELIV,NA,NA,NA,NA,327139,NA,NA,NA,NA,NA,NA,NA,NA,NA
DK-DHR,500,ECT,NA,NA,NA,NA,15380,NA,NA,NA,NA,NA,NA,NA,NA,NA
DK-DHR,500,LB,NA,NA,NA,NA,475845,NA,NA,NA,NA,NA,NA,NA,NA,NA
DK-DHR,500,PREG,NA,NA,NA,NA,712,NA,NA,NA,NA,NA,NA,NA,NA,NA
DK-DHR,500,SA,NA,NA,NA,NA,97199,NA,NA,NA,NA,NA,NA,NA,NA,NA
DK-DHR,500,SB,NA,NA,NA,NA,2843,NA,NA,NA,NA,NA,NA,NA,NA,NA
DK-DHR,501,AB,NA,NA,NA,NA,122779,NA,NA,NA,NA,NA,NA,NA,NA,NA
DK-DHR,501,DELIV,NA,NA,NA,NA,269171,NA,NA,NA,NA,NA,NA,NA,NA,NA
DK-DHR,501,ECT,NA,NA,NA,NA,14580,NA,NA,NA,NA,NA,NA,NA,NA,NA
DK-DHR,501,LB,NA,NA,NA,NA,342765,NA,NA,NA,NA,NA,NA,NA,NA,NA
DK-DHR,501,PREG,NA,NA,NA,NA,710,NA,NA,NA,NA,NA,NA,NA,NA,NA
DK-DHR,501,SA,NA,NA,NA,NA,86178,NA,NA,NA,NA,NA,NA,NA,NA,NA
DK-DHR,501,SB,NA,NA,NA,NA,2769,NA,NA,NA,NA,NA,NA,NA,NA,NA
DK-DHR,600,cesarean,AB,NA,NA,NA,470,NA,NA,NA,NA,NA,NA,NA,NA,NA
DK-DHR,600,cesarean,DELIV,NA,NA,NA,62977,NA,NA,NA,NA,NA,NA,NA,NA,NA
DK-DHR,600,cesarean,ECT,NA,NA,NA,3,NA,NA,NA,NA,NA,NA,NA,NA,NA
DK-DHR,600,cesarean,LB,NA,NA,NA,96883,NA,NA,NA,NA,NA,NA,NA,NA,NA
DK-DHR,600,cesarean,PREG,NA,NA,NA,0,NA,NA,NA,NA,NA,NA,NA,NA,NA
DK-DHR,600,cesarean,SA,NA,NA,NA,5,NA,NA,NA,NA,NA,NA,NA,NA,NA
DK-DHR,600,cesarean,SB,NA,NA,NA,207,NA,NA,NA,NA,NA,NA,NA,NA,NA
DK-DHR,600,vaginal,AB,NA,NA,NA,361,NA,NA,NA,NA,NA,NA,NA,NA,NA
DK-DHR,600,vaginal,DELIV,NA,NA,NA,37734,NA,NA,NA,NA,NA,NA,NA,NA,NA
DK-DHR,600,vaginal,ECT,NA,NA,NA,1,NA,NA,NA,NA,NA,NA,NA,NA,NA
DK-DHR,600,vaginal,LB,NA,NA,NA,50889,NA,NA,NA,NA,NA,NA,NA,NA,NA
DK-DHR,600,vaginal,PREG,NA,NA,NA,0,NA,NA,NA,NA,NA,NA,NA,NA,NA
DK-DHR,600,vaginal,SA,NA,NA,NA,66,NA,NA,NA,NA,NA,NA,NA,NA,NA
DK-DHR,600,vaginal,SB,NA,NA,NA,167,NA,NA,NA,NA,NA,NA,NA,NA,NA
DK-DHR,601,cesarean,AB,NA,NA,NA,458,NA,NA,NA,NA,NA,NA,NA,NA,NA
DK-DHR,601,cesarean,DELIV,NA,NA,NA,62486,NA,NA,NA,NA,NA,NA,NA,NA,NA
DK-DHR,601,cesarean,ECT,NA,NA,NA,3,NA,NA,NA,NA,NA,NA,NA,NA,NA
DK-DHR,601,cesarean,LB,NA,NA,NA,96598,NA,NA,NA,NA,NA,NA,NA,NA,NA
DK-DHR,601,cesarean,PREG,NA,NA,NA,0,NA,NA,NA,NA,NA,NA,NA,NA,NA
DK-DHR,601,cesarean,SA,NA,NA,NA,5,NA,NA,NA,NA,NA,NA,NA,NA,NA
DK-DHR,601,cesarean,SB,NA,NA,NA,207,NA,NA,NA,NA,NA,NA,NA,NA,NA
DK-DHR,601,vaginal,AB,NA,NA,NA,350,NA,NA,NA,NA,NA,NA,NA,NA,NA
DK-DHR,601,vaginal,DELIV,NA,NA,NA,36606,NA,NA,NA,NA,NA,NA,NA,NA,NA
DK-DHR,601,vaginal,ECT,NA,NA,NA,1,NA,NA,NA,NA,NA,NA,NA,NA,NA
DK-DHR,601,vaginal,LB,NA,NA,NA,49922,NA,NA,NA,NA,NA,NA,NA,NA,NA
DK-DHR,601,vaginal,PREG,NA,NA,NA,0,NA,NA,NA,NA,NA,NA,NA,NA,NA
DK-DHR,601,vaginal,SA,NA,NA,NA,65,NA,NA,NA,NA,NA,NA,NA,NA,NA
DK-DHR,601,vaginal,SB,NA,NA,NA,167,NA,NA,NA,NA,NA,NA,NA,NA,NA
DK-DHR,700,NA,NA,NA,NA,NA,581162,1,23,1.8395111862096971,0.9475492934847115,2,1,1,2,3
FinOMOP-THL,100,NA,NA,NA,NA,NA,856955,NA,NA,NA,NA,NA,NA,NA,NA,NA
FinOMOP-THL,101,NA,NA,NA,NA,NA,470190,NA,NA,NA,NA,NA,NA,NA,NA,NA
FinOMOP-THL,200,10-19,NA,NA,NA,NA,33144,NA,NA,NA,NA,NA,NA,NA,NA,NA
FinOMOP-THL,200,110-119,NA,NA,NA,NA,0,NA,NA,NA,NA,NA,NA,NA,NA,NA
FinOMOP-THL,200,20-29,NA,NA,NA,NA,356004,NA,NA,NA,NA,NA,NA,NA,NA,NA
FinOMOP-THL,200,30-39,NA,NA,NA,NA,418547,NA,NA,NA,NA,NA,NA,NA,NA,NA
FinOMOP-THL,200,40-49,NA,NA,NA,NA,48841,NA,NA,NA,NA,NA,NA,NA,NA,NA
FinOMOP-THL,200,50-59,NA,NA,NA,NA,418,NA,NA,NA,NA,NA,NA,NA,NA,NA
FinOMOP-THL,201,NA,NA,NA,NA,NA,856955,14.0533880903491,118.020533880903,30.1198254579588,NA,30.1902806297057,NA,26.045174537987702,34.2286105407255,NA
FinOMOP-THL,300,2010,NA,NA,NA,NA,285,NA,NA,NA,NA,NA,NA,NA,NA,NA
FinOMOP-THL,300,2011,NA,NA,NA,NA,76045,NA,NA,NA,NA,NA,NA,NA,NA,NA
FinOMOP-THL,300,2012,NA,NA,NA,NA,74606,NA,NA,NA,NA,NA,NA,NA,NA,NA
FinOMOP-THL,300,2013,NA,NA,NA,NA,72183,NA,NA,NA,NA,NA,NA,NA,NA,NA
FinOMOP-THL,300,2014,NA,NA,NA,NA,69775,NA,NA,NA,NA,NA,NA,NA,NA,NA
FinOMOP-THL,300,2015,NA,NA,NA,NA,67958,NA,NA,NA,NA,NA,NA,NA,NA,NA
FinOMOP-THL,300,2016,NA,NA,NA,NA,64859,NA,NA,NA,NA,NA,NA,NA,NA,NA
FinOMOP-THL,300,2017,NA,NA,NA,NA,61729,NA,NA,NA,NA,NA,NA,NA,NA,NA
FinOMOP-THL,300,2018,NA,NA,NA,NA,59467,NA,NA,NA,NA,NA,NA,NA,NA,NA
FinOMOP-THL,300,2019,NA,NA,NA,NA,59882,NA,NA,NA,NA,NA,NA,NA,NA,NA
FinOMOP-THL,300,2020,NA,NA,NA,NA,63230,NA,NA,NA,NA,NA,NA,NA,NA,NA
FinOMOP-THL,300,2021,NA,NA,NA,NA,60034,NA,NA,NA,NA,NA,NA,NA,NA,NA
FinOMOP-THL,300,2022,NA,NA,NA,NA,60019,NA,NA,NA,NA,NA,NA,NA,NA,NA
FinOMOP-THL,300,2023,NA,NA,NA,NA,54706,NA,NA,NA,NA,NA,NA,NA,NA,NA
FinOMOP-THL,300,2024,NA,NA,NA,NA,6243,NA,NA,NA,NA,NA,NA,NA,NA,NA
FinOMOP-THL,400,NA,NA,NA,NA,NA,NA,-4647.285714285715,645.8571428571429,36.469542074638,11.830827329663029,43.42857142857143,NA,24,44,NA
FinOMOP-THL,500,AB,NA,NA,NA,NA,129116,NA,NA,NA,NA,NA,NA,NA,NA,NA
FinOMOP-THL,500,DELIV,NA,NA,NA,NA,424771,NA,NA,NA,NA,NA,NA,NA,NA,NA
FinOMOP-THL,500,ECT,NA,NA,NA,NA,16300,NA,NA,NA,NA,NA,NA,NA,NA,NA
FinOMOP-THL,500,LB,NA,NA,NA,NA,183132,NA,NA,NA,NA,NA,NA,NA,NA,NA
FinOMOP-THL,500,PREG,NA,NA,NA,NA,653,NA,NA,NA,NA,NA,NA,NA,NA,NA
FinOMOP-THL,500,SA,NA,NA,NA,NA,100987,NA,NA,NA,NA,NA,NA,NA,NA,NA
FinOMOP-THL,500,SB,NA,NA,NA,NA,1996,NA,NA,NA,NA,NA,NA,NA,NA,NA
FinOMOP-THL,501,AB,NA,NA,NA,NA,103743,NA,NA,NA,NA,NA,NA,NA,NA,NA
FinOMOP-THL,501,DELIV,NA,NA,NA,NA,292864,NA,NA,NA,NA,NA,NA,NA,NA,NA
FinOMOP-THL,501,ECT,NA,NA,NA,NA,13438,NA,NA,NA,NA,NA,NA,NA,NA,NA
FinOMOP-THL,501,LB,NA,NA,NA,NA,128583,NA,NA,NA,NA,NA,NA,NA,NA,NA
FinOMOP-THL,501,PREG,NA,NA,NA,NA,650,NA,NA,NA,NA,NA,NA,NA,NA,NA
FinOMOP-THL,501,SA,NA,NA,NA,NA,84065,NA,NA,NA,NA,NA,NA,NA,NA,NA
FinOMOP-THL,501,SB,NA,NA,NA,NA,1955,NA,NA,NA,NA,NA,NA,NA,NA,NA
FinOMOP-THL,600,cesarean,AB,NA,NA,NA,47,NA,NA,NA,NA,NA,NA,NA,NA,NA
FinOMOP-THL,600,cesarean,DELIV,NA,NA,NA,32635,NA,NA,NA,NA,NA,NA,NA,NA,NA
FinOMOP-THL,600,cesarean,ECT,NA,NA,NA,14,NA,NA,NA,NA,NA,NA,NA,NA,NA
FinOMOP-THL,600,cesarean,LB,NA,NA,NA,7139,NA,NA,NA,NA,NA,NA,NA,NA,NA
FinOMOP-THL,600,cesarean,PREG,NA,NA,NA,2,NA,NA,NA,NA,NA,NA,NA,NA,NA
FinOMOP-THL,600,cesarean,SA,NA,NA,NA,12,NA,NA,NA,NA,NA,NA,NA,NA,NA
FinOMOP-THL,600,cesarean,SB,NA,NA,NA,39,NA,NA,NA,NA,NA,NA,NA,NA,NA
FinOMOP-THL,600,vaginal,AB,NA,NA,NA,150,NA,NA,NA,NA,NA,NA,NA,NA,NA
FinOMOP-THL,600,vaginal,DELIV,NA,NA,NA,111919,NA,NA,NA,NA,NA,NA,NA,NA,NA
FinOMOP-THL,600,vaginal,ECT,NA,NA,NA,9,NA,NA,NA,NA,NA,NA,NA,NA,NA
FinOMOP-THL,600,vaginal,LB,NA,NA,NA,125199,NA,NA,NA,NA,NA,NA,NA,NA,NA
FinOMOP-THL,600,vaginal,PREG,NA,NA,NA,0,NA,NA,NA,NA,NA,NA,NA,NA,NA
FinOMOP-THL,600,vaginal,SA,NA,NA,NA,18,NA,NA,NA,NA,NA,NA,NA,NA,NA
FinOMOP-THL,600,vaginal,SB,NA,NA,NA,371,NA,NA,NA,NA,NA,NA,NA,NA,NA
FinOMOP-THL,601,cesarean,AB,NA,NA,NA,44,NA,NA,NA,NA,NA,NA,NA,NA,NA
FinOMOP-THL,601,cesarean,DELIV,NA,NA,NA,28858,NA,NA,NA,NA,NA,NA,NA,NA,NA
FinOMOP-THL,601,cesarean,ECT,NA,NA,NA,13,NA,NA,NA,NA,NA,NA,NA,NA,NA
FinOMOP-THL,601,cesarean,LB,NA,NA,NA,6579,NA,NA,NA,NA,NA,NA,NA,NA,NA
FinOMOP-THL,601,cesarean,PREG,NA,NA,NA,2,NA,NA,NA,NA,NA,NA,NA,NA,NA
FinOMOP-THL,601,cesarean,SA,NA,NA,NA,9,NA,NA,NA,NA,NA,NA,NA,NA,NA
FinOMOP-THL,601,cesarean,SB,NA,NA,NA,32,NA,NA,NA,NA,NA,NA,NA,NA,NA
FinOMOP-THL,601,vaginal,AB,NA,NA,NA,138,NA,NA,NA,NA,NA,NA,NA,NA,NA
FinOMOP-THL,601,vaginal,DELIV,NA,NA,NA,107490,NA,NA,NA,NA,NA,NA,NA,NA,NA
FinOMOP-THL,601,vaginal,ECT,NA,NA,NA,9,NA,NA,NA,NA,NA,NA,NA,NA,NA
FinOMOP-THL,601,vaginal,LB,NA,NA,NA,111342,NA,NA,NA,NA,NA,NA,NA,NA,NA
FinOMOP-THL,601,vaginal,PREG,NA,NA,NA,0,NA,NA,NA,NA,NA,NA,NA,NA,NA
FinOMOP-THL,601,vaginal,SA,NA,NA,NA,18,NA,NA,NA,NA,NA,NA,NA,NA,NA
FinOMOP-THL,601,vaginal,SB,NA,NA,NA,362,NA,NA,NA,NA,NA,NA,NA,NA,NA
FinOMOP-THL,700,NA,NA,NA,NA,NA,470195,1,15,1.8227012197067174,1.0162971089047357,2,1,1,2,3
FinOMOP-TaUH Pirha,100,NA,NA,NA,NA,NA,80247,NA,NA,NA,NA,NA,NA,NA,NA,NA
FinOMOP-TaUH Pirha,101,NA,NA,NA,NA,NA,52072,NA,NA,NA,NA,NA,NA,NA,NA,NA
FinOMOP-TaUH Pirha,200,10-19,NA,NA,NA,NA,2510,NA,NA,NA,NA,NA,NA,NA,NA,NA
FinOMOP-TaUH Pirha,200,20-29,NA,NA,NA,NA,34298,NA,NA,NA,NA,NA,NA,NA,NA,NA
FinOMOP-TaUH Pirha,200,30-39,NA,NA,NA,NA,39351,NA,NA,NA,NA,NA,NA,NA,NA,NA
FinOMOP-TaUH Pirha,200,40-49,NA,NA,NA,NA,4054,NA,NA,NA,NA,NA,NA,NA,NA,NA
FinOMOP-TaUH Pirha,200,50-59,NA,NA,NA,NA,20,NA,NA,NA,NA,NA,NA,NA,NA,NA
FinOMOP-TaUH Pirha,201,NA,NA,NA,NA,NA,80247,14.2943189596167,54.6310746064339,30.0970672623907,NA,30.0917180013689,NA,26.2231348391513,33.9493497604381,NA
FinOMOP-TaUH Pirha,300,2009,NA,NA,NA,NA,47,NA,NA,NA,NA,NA,NA,NA,NA,NA
FinOMOP-TaUH Pirha,300,2010,NA,NA,NA,NA,6136,NA,NA,NA,NA,NA,NA,NA,NA,NA
FinOMOP-TaUH Pirha,300,2011,NA,NA,NA,NA,6250,NA,NA,NA,NA,NA,NA,NA,NA,NA
FinOMOP-TaUH Pirha,300,2012,NA,NA,NA,NA,5972,NA,NA,NA,NA,NA,NA,NA,NA,NA
FinOMOP-TaUH Pirha,300,2013,NA,NA,NA,NA,5654,NA,NA,NA,NA,NA,NA,NA,NA,NA
FinOMOP-TaUH Pirha,300,2014,NA,NA,NA,NA,5514,NA,NA,NA,NA,NA,NA,NA,NA,NA
FinOMOP-TaUH Pirha,300,2015,NA,NA,NA,NA,4854,NA,NA,NA,NA,NA,NA,NA,NA,NA
FinOMOP-TaUH Pirha,300,2016,NA,NA,NA,NA,4486,NA,NA,NA,NA,NA,NA,NA,NA,NA
FinOMOP-TaUH Pirha,300,2017,NA,NA,NA,NA,4489,NA,NA,NA,NA,NA,NA,NA,NA,NA
FinOMOP-TaUH Pirha,300,2018,NA,NA,NA,NA,4758,NA,NA,NA,NA,NA,NA,NA,NA,NA
FinOMOP-TaUH Pirha,300,2019,NA,NA,NA,NA,4702,NA,NA,NA,NA,NA,NA,NA,NA,NA
FinOMOP-TaUH Pirha,300,2020,NA,NA,NA,NA,5193,NA,NA,NA,NA,NA,NA,NA,NA,NA
FinOMOP-TaUH Pirha,300,2021,NA,NA,NA,NA,5184,NA,NA,NA,NA,NA,NA,NA,NA,NA
FinOMOP-TaUH Pirha,300,2022,NA,NA,NA,NA,5313,NA,NA,NA,NA,NA,NA,NA,NA,NA
FinOMOP-TaUH Pirha,300,2023,NA,NA,NA,NA,5853,NA,NA,NA,NA,NA,NA,NA,NA,NA
FinOMOP-TaUH Pirha,300,2024,NA,NA,NA,NA,2683,NA,NA,NA,NA,NA,NA,NA,NA,NA
FinOMOP-TaUH Pirha,400,NA,NA,NA,NA,NA,NA,-418.85714285714283,771.5714285714286,53.45547764135371,60.35045574470714,44,NA,41.285714285714285,45.285714285714285,NA
FinOMOP-TaUH Pirha,500,AB,NA,NA,NA,NA,9157,NA,NA,NA,NA,NA,NA,NA,NA,NA
FinOMOP-TaUH Pirha,500,DELIV,NA,NA,NA,NA,59872,NA,NA,NA,NA,NA,NA,NA,NA,NA
FinOMOP-TaUH Pirha,500,ECT,NA,NA,NA,NA,1415,NA,NA,NA,NA,NA,NA,NA,NA,NA
FinOMOP-TaUH Pirha,500,LB,NA,NA,NA,NA,235,NA,NA,NA,NA,NA,NA,NA,NA,NA
FinOMOP-TaUH Pirha,500,PREG,NA,NA,NA,NA,1439,NA,NA,NA,NA,NA,NA,NA,NA,NA
FinOMOP-TaUH Pirha,500,SA,NA,NA,NA,NA,7929,NA,NA,NA,NA,NA,NA,NA,NA,NA
FinOMOP-TaUH Pirha,500,SB,NA,NA,NA,NA,200,NA,NA,NA,NA,NA,NA,NA,NA,NA
FinOMOP-TaUH Pirha,501,AB,NA,NA,NA,NA,7575,NA,NA,NA,NA,NA,NA,NA,NA,NA
FinOMOP-TaUH Pirha,501,DELIV,NA,NA,NA,NA,44280,NA,NA,NA,NA,NA,NA,NA,NA,NA
FinOMOP-TaUH Pirha,501,ECT,NA,NA,NA,NA,1259,NA,NA,NA,NA,NA,NA,NA,NA,NA
FinOMOP-TaUH Pirha,501,LB,NA,NA,NA,NA,233,NA,NA,NA,NA,NA,NA,NA,NA,NA
FinOMOP-TaUH Pirha,501,PREG,NA,NA,NA,NA,1390,NA,NA,NA,NA,NA,NA,NA,NA,NA
FinOMOP-TaUH Pirha,501,SA,NA,NA,NA,NA,6607,NA,NA,NA,NA,NA,NA,NA,NA,NA
FinOMOP-TaUH Pirha,501,SB,NA,NA,NA,NA,193,NA,NA,NA,NA,NA,NA,NA,NA,NA
FinOMOP-TaUH Pirha,600,cesarean,AB,NA,NA,NA,15,NA,NA,NA,NA,NA,NA,NA,NA,NA
FinOMOP-TaUH Pirha,600,cesarean,DELIV,NA,NA,NA,19035,NA,NA,NA,NA,NA,NA,NA,NA,NA
FinOMOP-TaUH Pirha,600,cesarean,ECT,NA,NA,NA,3,NA,NA,NA,NA,NA,NA,NA,NA,NA
FinOMOP-TaUH Pirha,600,cesarean,LB,NA,NA,NA,42,NA,NA,NA,NA,NA,NA,NA,NA,NA
FinOMOP-TaUH Pirha,600,cesarean,PREG,NA,NA,NA,69,NA,NA,NA,NA,NA,NA,NA,NA,NA
FinOMOP-TaUH Pirha,600,cesarean,SA,NA,NA,NA,22,NA,NA,NA,NA,NA,NA,NA,NA,NA
FinOMOP-TaUH Pirha,600,cesarean,SB,NA,NA,NA,37,NA,NA,NA,NA,NA,NA,NA,NA,NA
FinOMOP-TaUH Pirha,600,vaginal,AB,NA,NA,NA,5,NA,NA,NA,NA,NA,NA,NA,NA,NA
FinOMOP-TaUH Pirha,600,vaginal,DELIV,NA,NA,NA,15114,NA,NA,NA,NA,NA,NA,NA,NA,NA
FinOMOP-TaUH Pirha,600,vaginal,ECT,NA,NA,NA,1,NA,NA,NA,NA,NA,NA,NA,NA,NA
FinOMOP-TaUH Pirha,600,vaginal,LB,NA,NA,NA,40,NA,NA,NA,NA,NA,NA,NA,NA,NA
FinOMOP-TaUH Pirha,600,vaginal,PREG,NA,NA,NA,103,NA,NA,NA,NA,NA,NA,NA,NA,NA
FinOMOP-TaUH Pirha,600,vaginal,SA,NA,NA,NA,11,NA,NA,NA,NA,NA,NA,NA,NA,NA
FinOMOP-TaUH Pirha,600,vaginal,SB,NA,NA,NA,14,NA,NA,NA,NA,NA,NA,NA,NA,NA
FinOMOP-TaUH Pirha,601,cesarean,AB,NA,NA,NA,10,NA,NA,NA,NA,NA,NA,NA,NA,NA
FinOMOP-TaUH Pirha,601,cesarean,DELIV,NA,NA,NA,9791,NA,NA,NA,NA,NA,NA,NA,NA,NA
FinOMOP-TaUH Pirha,601,cesarean,ECT,NA,NA,NA,2,NA,NA,NA,NA,NA,NA,NA,NA,NA
FinOMOP-TaUH Pirha,601,cesarean,LB,NA,NA,NA,21,NA,NA,NA,NA,NA,NA,NA,NA,NA
FinOMOP-TaUH Pirha,601,cesarean,PREG,NA,NA,NA,28,NA,NA,NA,NA,NA,NA,NA,NA,NA
FinOMOP-TaUH Pirha,601,cesarean,SA,NA,NA,NA,13,NA,NA,NA,NA,NA,NA,NA,NA,NA
FinOMOP-TaUH Pirha,601,cesarean,SB,NA,NA,NA,17,NA,NA,NA,NA,NA,NA,NA,NA,NA
FinOMOP-TaUH Pirha,601,vaginal,AB,NA,NA,NA,5,NA,NA,NA,NA,NA,NA,NA,NA,NA
FinOMOP-TaUH Pirha,601,vaginal,DELIV,NA,NA,NA,12944,NA,NA,NA,NA,NA,NA,NA,NA,NA
FinOMOP-TaUH Pirha,601,vaginal,ECT,NA,NA,NA,1,NA,NA,NA,NA,NA,NA,NA,NA,NA
FinOMOP-TaUH Pirha,601,vaginal,LB,NA,NA,NA,35,NA,NA,NA,NA,NA,NA,NA,NA,NA
FinOMOP-TaUH Pirha,601,vaginal,PREG,NA,NA,NA,84,NA,NA,NA,NA,NA,NA,NA,NA,NA
FinOMOP-TaUH Pirha,601,vaginal,SA,NA,NA,NA,9,NA,NA,NA,NA,NA,NA,NA,NA,NA
FinOMOP-TaUH Pirha,601,vaginal,SB,NA,NA,NA,14,NA,NA,NA,NA,NA,NA,NA,NA,NA
FinOMOP-TaUH Pirha,700,NA,NA,NA,NA,NA,52074,1,11,1.5414602296731574,0.8155511743214177,1,1,1,2,3
HI-SPEED,100,NA,NA,NA,NA,NA,1135090,NA,NA,NA,NA,NA,NA,NA,NA,NA
HI-SPEED,101,NA,NA,NA,NA,NA,714640,NA,NA,NA,NA,NA,NA,NA,NA,NA
HI-SPEED,200,10-19,NA,NA,NA,NA,23516,NA,NA,NA,NA,NA,NA,NA,NA,NA
HI-SPEED,200,20-29,NA,NA,NA,NA,470536,NA,NA,NA,NA,NA,NA,NA,NA,NA
HI-SPEED,200,30-39,NA,NA,NA,NA,575728,NA,NA,NA,NA,NA,NA,NA,NA,NA
HI-SPEED,200,40-49,NA,NA,NA,NA,64690,NA,NA,NA,NA,NA,NA,NA,NA,NA
HI-SPEED,200,50-59,NA,NA,NA,NA,619,NA,NA,NA,NA,NA,NA,NA,NA,NA
HI-SPEED,201,NA,NA,NA,NA,NA,1135090,14.1848049281314,55.5865845311431,30.5247775140464,NA,30.3737166324435,NA,26.7953456536619,34.2039698836413,NA
HI-SPEED,300,2014,NA,NA,NA,NA,59,NA,NA,NA,NA,NA,NA,NA,NA,NA
HI-SPEED,300,2015,NA,NA,NA,NA,131893,NA,NA,NA,NA,NA,NA,NA,NA,NA
HI-SPEED,300,2016,NA,NA,NA,NA,140090,NA,NA,NA,NA,NA,NA,NA,NA,NA
HI-SPEED,300,2017,NA,NA,NA,NA,143805,NA,NA,NA,NA,NA,NA,NA,NA,NA
HI-SPEED,300,2018,NA,NA,NA,NA,142096,NA,NA,NA,NA,NA,NA,NA,NA,NA
HI-SPEED,300,2019,NA,NA,NA,NA,139264,NA,NA,NA,NA,NA,NA,NA,NA,NA
HI-SPEED,300,2020,NA,NA,NA,NA,141113,NA,NA,NA,NA,NA,NA,NA,NA,NA
HI-SPEED,300,2021,NA,NA,NA,NA,135660,NA,NA,NA,NA,NA,NA,NA,NA,NA
HI-SPEED,300,2022,NA,NA,NA,NA,126470,NA,NA,NA,NA,NA,NA,NA,NA,NA
HI-SPEED,300,2023,NA,NA,NA,NA,28084,NA,NA,NA,NA,NA,NA,NA,NA,NA
HI-SPEED,400,NA,NA,NA,NA,NA,NA,-154,457.7142857142857,37.50050782631457,12.22486182412587,44,NA,24,44,NA
HI-SPEED,500,AB,NA,NA,NA,NA,188888,NA,NA,NA,NA,NA,NA,NA,NA,NA
HI-SPEED,500,DELIV,NA,NA,NA,NA,682805,NA,NA,NA,NA,NA,NA,NA,NA,NA
HI-SPEED,500,ECT,NA,NA,NA,NA,17453,NA,NA,NA,NA,NA,NA,NA,NA,NA
HI-SPEED,500,LB,NA,NA,NA,NA,101164,NA,NA,NA,NA,NA,NA,NA,NA,NA
HI-SPEED,500,PREG,NA,NA,NA,NA,3031,NA,NA,NA,NA,NA,NA,NA,NA,NA
HI-SPEED,500,SA,NA,NA,NA,NA,138735,NA,NA,NA,NA,NA,NA,NA,NA,NA
HI-SPEED,500,SB,NA,NA,NA,NA,3014,NA,NA,NA,NA,NA,NA,NA,NA,NA
HI-SPEED,501,AB,NA,NA,NA,NA,149356,NA,NA,NA,NA,NA,NA,NA,NA,NA
HI-SPEED,501,DELIV,NA,NA,NA,NA,517375,NA,NA,NA,NA,NA,NA,NA,NA,NA
HI-SPEED,501,ECT,NA,NA,NA,NA,16268,NA,NA,NA,NA,NA,NA,NA,NA,NA
HI-SPEED,501,LB,NA,NA,NA,NA,79947,NA,NA,NA,NA,NA,NA,NA,NA,NA
HI-SPEED,501,PREG,NA,NA,NA,NA,3020,NA,NA,NA,NA,NA,NA,NA,NA,NA
HI-SPEED,501,SA,NA,NA,NA,NA,116449,NA,NA,NA,NA,NA,NA,NA,NA,NA
HI-SPEED,501,SB,NA,NA,NA,NA,2952,NA,NA,NA,NA,NA,NA,NA,NA,NA
HI-SPEED,600,cesarean,AB,NA,NA,NA,2,NA,NA,NA,NA,NA,NA,NA,NA,NA
HI-SPEED,600,cesarean,DELIV,NA,NA,NA,830,NA,NA,NA,NA,NA,NA,NA,NA,NA
HI-SPEED,600,cesarean,ECT,NA,NA,NA,5,NA,NA,NA,NA,NA,NA,NA,NA,NA
HI-SPEED,600,cesarean,LB,NA,NA,NA,177,NA,NA,NA,NA,NA,NA,NA,NA,NA
HI-SPEED,600,cesarean,PREG,NA,NA,NA,0,NA,NA,NA,NA,NA,NA,NA,NA,NA
HI-SPEED,600,cesarean,SA,NA,NA,NA,6,NA,NA,NA,NA,NA,NA,NA,NA,NA
HI-SPEED,600,cesarean,SB,NA,NA,NA,2,NA,NA,NA,NA,NA,NA,NA,NA,NA
HI-SPEED,600,vaginal,AB,NA,NA,NA,90,NA,NA,NA,NA,NA,NA,NA,NA,NA
HI-SPEED,600,vaginal,DELIV,NA,NA,NA,224043,NA,NA,NA,NA,NA,NA,NA,NA,NA
HI-SPEED,600,vaginal,ECT,NA,NA,NA,15,NA,NA,NA,NA,NA,NA,NA,NA,NA
HI-SPEED,600,vaginal,LB,NA,NA,NA,42916,NA,NA,NA,NA,NA,NA,NA,NA,NA
HI-SPEED,600,vaginal,PREG,NA,NA,NA,10,NA,NA,NA,NA,NA,NA,NA,NA,NA
HI-SPEED,600,vaginal,SA,NA,NA,NA,46,NA,NA,NA,NA,NA,NA,NA,NA,NA
HI-SPEED,600,vaginal,SB,NA,NA,NA,828,NA,NA,NA,NA,NA,NA,NA,NA,NA
HI-SPEED,601,cesarean,AB,NA,NA,NA,1,NA,NA,NA,NA,NA,NA,NA,NA,NA
HI-SPEED,601,cesarean,DELIV,NA,NA,NA,412,NA,NA,NA,NA,NA,NA,NA,NA,NA
HI-SPEED,601,cesarean,ECT,NA,NA,NA,4,NA,NA,NA,NA,NA,NA,NA,NA,NA
HI-SPEED,601,cesarean,LB,NA,NA,NA,78,NA,NA,NA,NA,NA,NA,NA,NA,NA
HI-SPEED,601,cesarean,PREG,NA,NA,NA,0,NA,NA,NA,NA,NA,NA,NA,NA,NA
HI-SPEED,601,cesarean,SA,NA,NA,NA,4,NA,NA,NA,NA,NA,NA,NA,NA,NA
HI-SPEED,601,cesarean,SB,NA,NA,NA,1,NA,NA,NA,NA,NA,NA,NA,NA,NA
HI-SPEED,601,vaginal,AB,NA,NA,NA,65,NA,NA,NA,NA,NA,NA,NA,NA,NA
HI-SPEED,601,vaginal,DELIV,NA,NA,NA,106688,NA,NA,NA,NA,NA,NA,NA,NA,NA
HI-SPEED,601,vaginal,ECT,NA,NA,NA,10,NA,NA,NA,NA,NA,NA,NA,NA,NA
HI-SPEED,601,vaginal,LB,NA,NA,NA,18259,NA,NA,NA,NA,NA,NA,NA,NA,NA
HI-SPEED,601,vaginal,PREG,NA,NA,NA,4,NA,NA,NA,NA,NA,NA,NA,NA,NA
HI-SPEED,601,vaginal,SA,NA,NA,NA,27,NA,NA,NA,NA,NA,NA,NA,NA,NA
HI-SPEED,601,vaginal,SB,NA,NA,NA,399,NA,NA,NA,NA,NA,NA,NA,NA,NA
HI-SPEED,700,NA,NA,NA,NA,NA,714646,1,15,1.58844099036446,0.8054447399199941,1,1,1,2,3
IMASIS,100,NA,NA,NA,NA,NA,33251,NA,NA,NA,NA,NA,NA,NA,NA,NA
IMASIS,101,NA,NA,NA,NA,NA,26286,NA,NA,NA,NA,NA,NA,NA,NA,NA
IMASIS,200,10-19,NA,NA,NA,NA,975,NA,NA,NA,NA,NA,NA,NA,NA,NA
IMASIS,200,20-29,NA,NA,NA,NA,11288,NA,NA,NA,NA,NA,NA,NA,NA,NA
IMASIS,200,30-39,NA,NA,NA,NA,17878,NA,NA,NA,NA,NA,NA,NA,NA,NA
IMASIS,200,40-49,NA,NA,NA,NA,3059,NA,NA,NA,NA,NA,NA,NA,NA,NA
IMASIS,200,50-59,NA,NA,NA,NA,46,NA,NA,NA,NA,NA,NA,NA,NA,NA
IMASIS,201,NA,NA,NA,NA,NA,33251,14.2395619438741,55.7289527720739,31.4872614207194,NA,31.8412046543463,NA,27.047227926078,36.0479123887748,NA
IMASIS,300,2009,NA,NA,NA,NA,10,NA,NA,NA,NA,NA,NA,NA,NA,NA
IMASIS,300,2010,NA,NA,NA,NA,2044,NA,NA,NA,NA,NA,NA,NA,NA,NA
IMASIS,300,2011,NA,NA,NA,NA,2327,NA,NA,NA,NA,NA,NA,NA,NA,NA
IMASIS,300,2012,NA,NA,NA,NA,2116,NA,NA,NA,NA,NA,NA,NA,NA,NA
IMASIS,300,2013,NA,NA,NA,NA,2031,NA,NA,NA,NA,NA,NA,NA,NA,NA
IMASIS,300,2014,NA,NA,NA,NA,2005,NA,NA,NA,NA,NA,NA,NA,NA,NA
IMASIS,300,2015,NA,NA,NA,NA,2048,NA,NA,NA,NA,NA,NA,NA,NA,NA
IMASIS,300,2016,NA,NA,NA,NA,2148,NA,NA,NA,NA,NA,NA,NA,NA,NA
IMASIS,300,2017,NA,NA,NA,NA,2043,NA,NA,NA,NA,NA,NA,NA,NA,NA
IMASIS,300,2018,NA,NA,NA,NA,2242,NA,NA,NA,NA,NA,NA,NA,NA,NA
IMASIS,300,2019,NA,NA,NA,NA,1994,NA,NA,NA,NA,NA,NA,NA,NA,NA
IMASIS,300,2020,NA,NA,NA,NA,2017,NA,NA,NA,NA,NA,NA,NA,NA,NA
IMASIS,300,2021,NA,NA,NA,NA,2186,NA,NA,NA,NA,NA,NA,NA,NA,NA
IMASIS,300,2022,NA,NA,NA,NA,2147,NA,NA,NA,NA,NA,NA,NA,NA,NA
IMASIS,300,2023,NA,NA,NA,NA,2247,NA,NA,NA,NA,NA,NA,NA,NA,NA
IMASIS,300,2024,NA,NA,NA,NA,1436,NA,NA,NA,NA,NA,NA,NA,NA,NA
IMASIS,400,NA,NA,NA,NA,NA,NA,4.428571428571429,76.42857142857143,30.06010990002443,13.410834597035972,38.142857142857146,NA,14.428571428571429,41.285714285714285,NA
IMASIS,500,AB,NA,NA,NA,NA,926,NA,NA,NA,NA,NA,NA,NA,NA,NA
IMASIS,500,DELIV,NA,NA,NA,NA,428,NA,NA,NA,NA,NA,NA,NA,NA,NA
IMASIS,500,ECT,NA,NA,NA,NA,574,NA,NA,NA,NA,NA,NA,NA,NA,NA
IMASIS,500,LB,NA,NA,NA,NA,17938,NA,NA,NA,NA,NA,NA,NA,NA,NA
IMASIS,500,PREG,NA,NA,NA,NA,9105,NA,NA,NA,NA,NA,NA,NA,NA,NA
IMASIS,500,SA,NA,NA,NA,NA,4203,NA,NA,NA,NA,NA,NA,NA,NA,NA
IMASIS,500,SB,NA,NA,NA,NA,77,NA,NA,NA,NA,NA,NA,NA,NA,NA
IMASIS,501,AB,NA,NA,NA,NA,901,NA,NA,NA,NA,NA,NA,NA,NA,NA
IMASIS,501,DELIV,NA,NA,NA,NA,426,NA,NA,NA,NA,NA,NA,NA,NA,NA
IMASIS,501,ECT,NA,NA,NA,NA,557,NA,NA,NA,NA,NA,NA,NA,NA,NA
IMASIS,501,LB,NA,NA,NA,NA,14633,NA,NA,NA,NA,NA,NA,NA,NA,NA
IMASIS,501,PREG,NA,NA,NA,NA,8301,NA,NA,NA,NA,NA,NA,NA,NA,NA
IMASIS,501,SA,NA,NA,NA,NA,3882,NA,NA,NA,NA,NA,NA,NA,NA,NA
IMASIS,501,SB,NA,NA,NA,NA,77,NA,NA,NA,NA,NA,NA,NA,NA,NA
IMASIS,600,cesarean,AB,NA,NA,NA,0,NA,NA,NA,NA,NA,NA,NA,NA,NA
IMASIS,600,cesarean,DELIV,NA,NA,NA,23,NA,NA,NA,NA,NA,NA,NA,NA,NA
IMASIS,600,cesarean,ECT,NA,NA,NA,0,NA,NA,NA,NA,NA,NA,NA,NA,NA
IMASIS,600,cesarean,LB,NA,NA,NA,4133,NA,NA,NA,NA,NA,NA,NA,NA,NA
IMASIS,600,cesarean,PREG,NA,NA,NA,155,NA,NA,NA,NA,NA,NA,NA,NA,NA
IMASIS,600,cesarean,SA,NA,NA,NA,0,NA,NA,NA,NA,NA,NA,NA,NA,NA
IMASIS,600,cesarean,SB,NA,NA,NA,6,NA,NA,NA,NA,NA,NA,NA,NA,NA
IMASIS,600,vaginal,AB,NA,NA,NA,1,NA,NA,NA,NA,NA,NA,NA,NA,NA
IMASIS,600,vaginal,DELIV,NA,NA,NA,2,NA,NA,NA,NA,NA,NA,NA,NA,NA
IMASIS,600,vaginal,ECT,NA,NA,NA,0,NA,NA,NA,NA,NA,NA,NA,NA,NA
IMASIS,600,vaginal,LB,NA,NA,NA,8244,NA,NA,NA,NA,NA,NA,NA,NA,NA
IMASIS,600,vaginal,PREG,NA,NA,NA,492,NA,NA,NA,NA,NA,NA,NA,NA,NA
IMASIS,600,vaginal,SA,NA,NA,NA,0,NA,NA,NA,NA,NA,NA,NA,NA,NA
IMASIS,600,vaginal,SB,NA,NA,NA,26,NA,NA,NA,NA,NA,NA,NA,NA,NA
IMASIS,601,cesarean,AB,NA,NA,NA,0,NA,NA,NA,NA,NA,NA,NA,NA,NA
IMASIS,601,cesarean,DELIV,NA,NA,NA,19,NA,NA,NA,NA,NA,NA,NA,NA,NA
IMASIS,601,cesarean,ECT,NA,NA,NA,0,NA,NA,NA,NA,NA,NA,NA,NA,NA
IMASIS,601,cesarean,LB,NA,NA,NA,3922,NA,NA,NA,NA,NA,NA,NA,NA,NA
IMASIS,601,cesarean,PREG,NA,NA,NA,151,NA,NA,NA,NA,NA,NA,NA,NA,NA
IMASIS,601,cesarean,SA,NA,NA,NA,0,NA,NA,NA,NA,NA,NA,NA,NA,NA
IMASIS,601,cesarean,SB,NA,NA,NA,6,NA,NA,NA,NA,NA,NA,NA,NA,NA
IMASIS,601,vaginal,AB,NA,NA,NA,1,NA,NA,NA,NA,NA,NA,NA,NA,NA
IMASIS,601,vaginal,DELIV,NA,NA,NA,2,NA,NA,NA,NA,NA,NA,NA,NA,NA
IMASIS,601,vaginal,ECT,NA,NA,NA,0,NA,NA,NA,NA,NA,NA,NA,NA,NA
IMASIS,601,vaginal,LB,NA,NA,NA,7894,NA,NA,NA,NA,NA,NA,NA,NA,NA
IMASIS,601,vaginal,PREG,NA,NA,NA,492,NA,NA,NA,NA,NA,NA,NA,NA,NA
IMASIS,601,vaginal,SA,NA,NA,NA,0,NA,NA,NA,NA,NA,NA,NA,NA,NA
IMASIS,601,vaginal,SB,NA,NA,NA,26,NA,NA,NA,NA,NA,NA,NA,NA,NA
IMASIS,700,NA,NA,NA,NA,NA,26288,1,7,1.2654062690200851,0.5640496039883208,1,1,1,1,2
IPCI,100,NA,NA,NA,NA,NA,306014,NA,NA,NA,NA,NA,NA,NA,NA,NA
IPCI,101,NA,NA,NA,NA,NA,215372,NA,NA,NA,NA,NA,NA,NA,NA,NA
IPCI,200,10-19,NA,NA,NA,NA,5127,NA,NA,NA,NA,NA,NA,NA,NA,NA
IPCI,200,20-29,NA,NA,NA,NA,116708,NA,NA,NA,NA,NA,NA,NA,NA,NA
IPCI,200,2770-2779,NA,NA,NA,NA,0,NA,NA,NA,NA,NA,NA,NA,NA,NA
IPCI,200,30-39,NA,NA,NA,NA,165817,NA,NA,NA,NA,NA,NA,NA,NA,NA
IPCI,200,40-49,NA,NA,NA,NA,16738,NA,NA,NA,NA,NA,NA,NA,NA,NA
IPCI,200,50-59,NA,NA,NA,NA,1623,NA,NA,NA,NA,NA,NA,NA,NA,NA
IPCI,201,NA,NA,NA,NA,NA,306014,14.1683778234086,2776.77207392197,30.9610503564932,NA,30.8008213552361,NA,27.3292265571526,34.362765229295,NA
IPCI,300,2009,NA,NA,NA,NA,208,NA,NA,NA,NA,NA,NA,NA,NA,NA
IPCI,300,2010,NA,NA,NA,NA,21004,NA,NA,NA,NA,NA,NA,NA,NA,NA
IPCI,300,2011,NA,NA,NA,NA,22123,NA,NA,NA,NA,NA,NA,NA,NA,NA
IPCI,300,2012,NA,NA,NA,NA,23138,NA,NA,NA,NA,NA,NA,NA,NA,NA
IPCI,300,2013,NA,NA,NA,NA,22468,NA,NA,NA,NA,NA,NA,NA,NA,NA
IPCI,300,2014,NA,NA,NA,NA,22822,NA,NA,NA,NA,NA,NA,NA,NA,NA
IPCI,300,2015,NA,NA,NA,NA,22829,NA,NA,NA,NA,NA,NA,NA,NA,NA
IPCI,300,2016,NA,NA,NA,NA,21826,NA,NA,NA,NA,NA,NA,NA,NA,NA
IPCI,300,2017,NA,NA,NA,NA,21586,NA,NA,NA,NA,NA,NA,NA,NA,NA
IPCI,300,2018,NA,NA,NA,NA,22100,NA,NA,NA,NA,NA,NA,NA,NA,NA
IPCI,300,2019,NA,NA,NA,NA,21144,NA,NA,NA,NA,NA,NA,NA,NA,NA
IPCI,300,2020,NA,NA,NA,NA,20587,NA,NA,NA,NA,NA,NA,NA,NA,NA
IPCI,300,2021,NA,NA,NA,NA,19288,NA,NA,NA,NA,NA,NA,NA,NA,NA
IPCI,300,2022,NA,NA,NA,NA,16451,NA,NA,NA,NA,NA,NA,NA,NA,NA
IPCI,300,2023,NA,NA,NA,NA,15406,NA,NA,NA,NA,NA,NA,NA,NA,NA
IPCI,300,2024,NA,NA,NA,NA,11175,NA,NA,NA,NA,NA,NA,NA,NA,NA
IPCI,300,2025,NA,NA,NA,NA,767,NA,NA,NA,NA,NA,NA,NA,NA,NA
IPCI,400,NA,NA,NA,NA,NA,NA,-143024.85714285713,158.28571428571428,30.23529829167486,258.9540844438457,37.285714285714285,NA,19.857142857142858,40.857142857142854,NA
IPCI,500,AB,NA,NA,NA,NA,10324,NA,NA,NA,NA,NA,NA,NA,NA,NA
IPCI,500,DELIV,NA,NA,NA,NA,129738,NA,NA,NA,NA,NA,NA,NA,NA,NA
IPCI,500,ECT,NA,NA,NA,NA,2044,NA,NA,NA,NA,NA,NA,NA,NA,NA
IPCI,500,LB,NA,NA,NA,NA,349,NA,NA,NA,NA,NA,NA,NA,NA,NA
IPCI,500,PREG,NA,NA,NA,NA,142062,NA,NA,NA,NA,NA,NA,NA,NA,NA
IPCI,500,SA,NA,NA,NA,NA,19498,NA,NA,NA,NA,NA,NA,NA,NA,NA
IPCI,500,SB,NA,NA,NA,NA,1999,NA,NA,NA,NA,NA,NA,NA,NA,NA
IPCI,501,AB,NA,NA,NA,NA,9076,NA,NA,NA,NA,NA,NA,NA,NA,NA
IPCI,501,DELIV,NA,NA,NA,NA,108666,NA,NA,NA,NA,NA,NA,NA,NA,NA
IPCI,501,ECT,NA,NA,NA,NA,1749,NA,NA,NA,NA,NA,NA,NA,NA,NA
IPCI,501,LB,NA,NA,NA,NA,332,NA,NA,NA,NA,NA,NA,NA,NA,NA
IPCI,501,PREG,NA,NA,NA,NA,111729,NA,NA,NA,NA,NA,NA,NA,NA,NA
IPCI,501,SA,NA,NA,NA,NA,17081,NA,NA,NA,NA,NA,NA,NA,NA,NA
IPCI,501,SB,NA,NA,NA,NA,1858,NA,NA,NA,NA,NA,NA,NA,NA,NA
IPCI,600,cesarean,AB,NA,NA,NA,4,NA,NA,NA,NA,NA,NA,NA,NA,NA
IPCI,600,cesarean,DELIV,NA,NA,NA,13826,NA,NA,NA,NA,NA,NA,NA,NA,NA
IPCI,600,cesarean,ECT,NA,NA,NA,8,NA,NA,NA,NA,NA,NA,NA,NA,NA
IPCI,600,cesarean,LB,NA,NA,NA,0,NA,NA,NA,NA,NA,NA,NA,NA,NA
IPCI,600,cesarean,PREG,NA,NA,NA,835,NA,NA,NA,NA,NA,NA,NA,NA,NA
IPCI,600,cesarean,SA,NA,NA,NA,28,NA,NA,NA,NA,NA,NA,NA,NA,NA
IPCI,600,cesarean,SB,NA,NA,NA,34,NA,NA,NA,NA,NA,NA,NA,NA,NA
IPCI,600,vaginal,AB,NA,NA,NA,0,NA,NA,NA,NA,NA,NA,NA,NA,NA
IPCI,600,vaginal,DELIV,NA,NA,NA,0,NA,NA,NA,NA,NA,NA,NA,NA,NA
IPCI,600,vaginal,ECT,NA,NA,NA,0,NA,NA,NA,NA,NA,NA,NA,NA,NA
IPCI,600,vaginal,LB,NA,NA,NA,0,NA,NA,NA,NA,NA,NA,NA,NA,NA
IPCI,600,vaginal,PREG,NA,NA,NA,0,NA,NA,NA,NA,NA,NA,NA,NA,NA
IPCI,600,vaginal,SA,NA,NA,NA,0,NA,NA,NA,NA,NA,NA,NA,NA,NA
IPCI,600,vaginal,SB,NA,NA,NA,0,NA,NA,NA,NA,NA,NA,NA,NA,NA
IPCI,601,cesarean,AB,NA,NA,NA,4,NA,NA,NA,NA,NA,NA,NA,NA,NA
IPCI,601,cesarean,DELIV,NA,NA,NA,7552,NA,NA,NA,NA,NA,NA,NA,NA,NA
IPCI,601,cesarean,ECT,NA,NA,NA,5,NA,NA,NA,NA,NA,NA,NA,NA,NA
IPCI,601,cesarean,LB,NA,NA,NA,0,NA,NA,NA,NA,NA,NA,NA,NA,NA
IPCI,601,cesarean,PREG,NA,NA,NA,567,NA,NA,NA,NA,NA,NA,NA,NA,NA
IPCI,601,cesarean,SA,NA,NA,NA,23,NA,NA,NA,NA,NA,NA,NA,NA,NA
IPCI,601,cesarean,SB,NA,NA,NA,17,NA,NA,NA,NA,NA,NA,NA,NA,NA
IPCI,601,vaginal,AB,NA,NA,NA,0,NA,NA,NA,NA,NA,NA,NA,NA,NA
IPCI,601,vaginal,DELIV,NA,NA,NA,0,NA,NA,NA,NA,NA,NA,NA,NA,NA
IPCI,601,vaginal,ECT,NA,NA,NA,0,NA,NA,NA,NA,NA,NA,NA,NA,NA
IPCI,601,vaginal,LB,NA,NA,NA,0,NA,NA,NA,NA,NA,NA,NA,NA,NA
IPCI,601,vaginal,PREG,NA,NA,NA,0,NA,NA,NA,NA,NA,NA,NA,NA,NA
IPCI,601,vaginal,SA,NA,NA,NA,0,NA,NA,NA,NA,NA,NA,NA,NA,NA
IPCI,601,vaginal,SB,NA,NA,NA,0,NA,NA,NA,NA,NA,NA,NA,NA,NA
IPCI,700,NA,NA,NA,NA,NA,215379,1,15,1.4212156245502114,0.7064199433292061,1,1,1,2,2
InGef_RDB,100,NA,NA,NA,NA,NA,640749,NA,NA,NA,NA,NA,NA,NA,NA,NA
InGef_RDB,101,NA,NA,NA,NA,NA,441969,NA,NA,NA,NA,NA,NA,NA,NA,NA
InGef_RDB,200,10-19,NA,NA,NA,NA,9148,NA,NA,NA,NA,NA,NA,NA,NA,NA
InGef_RDB,200,20-29,NA,NA,NA,NA,210523,NA,NA,NA,NA,NA,NA,NA,NA,NA
InGef_RDB,200,30-39,NA,NA,NA,NA,377460,NA,NA,NA,NA,NA,NA,NA,NA,NA
InGef_RDB,200,40-49,NA,NA,NA,NA,38492,NA,NA,NA,NA,NA,NA,NA,NA,NA
InGef_RDB,200,50-59,NA,NA,NA,NA,5123,NA,NA,NA,NA,NA,NA,NA,NA,NA
InGef_RDB,201,NA,NA,NA,NA,NA,640749,14.1574264202601,55.605749486653004,31.6465183768095,NA,31.5154004106776,NA,28.1396303901437,35.047227926078,NA
InGef_RDB,300,2015,NA,NA,NA,NA,28,NA,NA,NA,NA,NA,NA,NA,NA,NA
InGef_RDB,300,2016,NA,NA,NA,NA,80432,NA,NA,NA,NA,NA,NA,NA,NA,NA
InGef_RDB,300,2017,NA,NA,NA,NA,78644,NA,NA,NA,NA,NA,NA,NA,NA,NA
InGef_RDB,300,2018,NA,NA,NA,NA,75905,NA,NA,NA,NA,NA,NA,NA,NA,NA
InGef_RDB,300,2019,NA,NA,NA,NA,74623,NA,NA,NA,NA,NA,NA,NA,NA,NA
InGef_RDB,300,2020,NA,NA,NA,NA,76707,NA,NA,NA,NA,NA,NA,NA,NA,NA
InGef_RDB,300,2021,NA,NA,NA,NA,71779,NA,NA,NA,NA,NA,NA,NA,NA,NA
InGef_RDB,300,2022,NA,NA,NA,NA,67283,NA,NA,NA,NA,NA,NA,NA,NA,NA
InGef_RDB,300,2023,NA,NA,NA,NA,64813,NA,NA,NA,NA,NA,NA,NA,NA,NA
InGef_RDB,300,2024,NA,NA,NA,NA,12708,NA,NA,NA,NA,NA,NA,NA,NA,NA
InGef_RDB,400,NA,NA,NA,NA,NA,NA,12,463.85714285714283,41.83506556946857,11.671442176945215,44,NA,44,44,NA
InGef_RDB,500,AB,NA,NA,NA,NA,8673,NA,NA,NA,NA,NA,NA,NA,NA,NA
InGef_RDB,500,DELIV,NA,NA,NA,NA,15591,NA,NA,NA,NA,NA,NA,NA,NA,NA
InGef_RDB,500,ECT,NA,NA,NA,NA,10800,NA,NA,NA,NA,NA,NA,NA,NA,NA
InGef_RDB,500,LB,NA,NA,NA,NA,550925,NA,NA,NA,NA,NA,NA,NA,NA,NA
InGef_RDB,500,PREG,NA,NA,NA,NA,85,NA,NA,NA,NA,NA,NA,NA,NA,NA
InGef_RDB,500,SA,NA,NA,NA,NA,52020,NA,NA,NA,NA,NA,NA,NA,NA,NA
InGef_RDB,500,SB,NA,NA,NA,NA,2655,NA,NA,NA,NA,NA,NA,NA,NA,NA
InGef_RDB,501,AB,NA,NA,NA,NA,8316,NA,NA,NA,NA,NA,NA,NA,NA,NA
InGef_RDB,501,DELIV,NA,NA,NA,NA,14406,NA,NA,NA,NA,NA,NA,NA,NA,NA
InGef_RDB,501,ECT,NA,NA,NA,NA,10382,NA,NA,NA,NA,NA,NA,NA,NA,NA
InGef_RDB,501,LB,NA,NA,NA,NA,401185,NA,NA,NA,NA,NA,NA,NA,NA,NA
InGef_RDB,501,PREG,NA,NA,NA,NA,85,NA,NA,NA,NA,NA,NA,NA,NA,NA
InGef_RDB,501,SA,NA,NA,NA,NA,48956,NA,NA,NA,NA,NA,NA,NA,NA,NA
InGef_RDB,501,SB,NA,NA,NA,NA,2621,NA,NA,NA,NA,NA,NA,NA,NA,NA
InGef_RDB,600,cesarean,AB,NA,NA,NA,5,NA,NA,NA,NA,NA,NA,NA,NA,NA
InGef_RDB,600,cesarean,DELIV,NA,NA,NA,563,NA,NA,NA,NA,NA,NA,NA,NA,NA
InGef_RDB,600,cesarean,ECT,NA,NA,NA,0,NA,NA,NA,NA,NA,NA,NA,NA,NA
InGef_RDB,600,cesarean,LB,NA,NA,NA,244276,NA,NA,NA,NA,NA,NA,NA,NA,NA
InGef_RDB,600,cesarean,PREG,NA,NA,NA,2,NA,NA,NA,NA,NA,NA,NA,NA,NA
InGef_RDB,600,cesarean,SA,NA,NA,NA,8,NA,NA,NA,NA,NA,NA,NA,NA,NA
InGef_RDB,600,cesarean,SB,NA,NA,NA,363,NA,NA,NA,NA,NA,NA,NA,NA,NA
InGef_RDB,600,vaginal,AB,NA,NA,NA,1,NA,NA,NA,NA,NA,NA,NA,NA,NA
InGef_RDB,600,vaginal,DELIV,NA,NA,NA,194,NA,NA,NA,NA,NA,NA,NA,NA,NA
InGef_RDB,600,vaginal,ECT,NA,NA,NA,0,NA,NA,NA,NA,NA,NA,NA,NA,NA
InGef_RDB,600,vaginal,LB,NA,NA,NA,258989,NA,NA,NA,NA,NA,NA,NA,NA,NA
InGef_RDB,600,vaginal,PREG,NA,NA,NA,5,NA,NA,NA,NA,NA,NA,NA,NA,NA
InGef_RDB,600,vaginal,SA,NA,NA,NA,3,NA,NA,NA,NA,NA,NA,NA,NA,NA
InGef_RDB,600,vaginal,SB,NA,NA,NA,339,NA,NA,NA,NA,NA,NA,NA,NA,NA
InGef_RDB,601,cesarean,AB,NA,NA,NA,4,NA,NA,NA,NA,NA,NA,NA,NA,NA
InGef_RDB,601,cesarean,DELIV,NA,NA,NA,445,NA,NA,NA,NA,NA,NA,NA,NA,NA
InGef_RDB,601,cesarean,ECT,NA,NA,NA,0,NA,NA,NA,NA,NA,NA,NA,NA,NA
InGef_RDB,601,cesarean,LB,NA,NA,NA,160724,NA,NA,NA,NA,NA,NA,NA,NA,NA
InGef_RDB,601,cesarean,PREG,NA,NA,NA,2,NA,NA,NA,NA,NA,NA,NA,NA,NA
InGef_RDB,601,cesarean,SA,NA,NA,NA,8,NA,NA,NA,NA,NA,NA,NA,NA,NA
InGef_RDB,601,cesarean,SB,NA,NA,NA,256,NA,NA,NA,NA,NA,NA,NA,NA,NA
InGef_RDB,601,vaginal,AB,NA,NA,NA,1,NA,NA,NA,NA,NA,NA,NA,NA,NA
InGef_RDB,601,vaginal,DELIV,NA,NA,NA,175,NA,NA,NA,NA,NA,NA,NA,NA,NA
InGef_RDB,601,vaginal,ECT,NA,NA,NA,0,NA,NA,NA,NA,NA,NA,NA,NA,NA
InGef_RDB,601,vaginal,LB,NA,NA,NA,234711,NA,NA,NA,NA,NA,NA,NA,NA,NA
InGef_RDB,601,vaginal,PREG,NA,NA,NA,5,NA,NA,NA,NA,NA,NA,NA,NA,NA
InGef_RDB,601,vaginal,SA,NA,NA,NA,3,NA,NA,NA,NA,NA,NA,NA,NA,NA
InGef_RDB,601,vaginal,SB,NA,NA,NA,331,NA,NA,NA,NA,NA,NA,NA,NA,NA
InGef_RDB,700,NA,NA,NA,NA,NA,441968,1,8,1.449745230423922,0.6896675825245776,1,1,1,2,2
NAJS,100,NA,NA,NA,NA,NA,389321,NA,NA,NA,NA,NA,NA,NA,NA,NA
NAJS,101,NA,NA,NA,NA,NA,255849,NA,NA,NA,NA,NA,NA,NA,NA,NA
NAJS,200,10-19,NA,NA,NA,NA,9541,NA,NA,NA,NA,NA,NA,NA,NA,NA
NAJS,200,20-29,NA,NA,NA,NA,138999,NA,NA,NA,NA,NA,NA,NA,NA,NA
NAJS,200,30-39,NA,NA,NA,NA,185096,NA,NA,NA,NA,NA,NA,NA,NA,NA
NAJS,200,40-49,NA,NA,NA,NA,39684,NA,NA,NA,NA,NA,NA,NA,NA,NA
NAJS,200,50-59,NA,NA,NA,NA,16001,NA,NA,NA,NA,NA,NA,NA,NA,NA
NAJS,201,NA,NA,NA,NA,NA,389321,14.1656399726215,55.6112251882272,32.2552569116802,NA,31.4442162902122,NA,27.1512662559891,36.2026009582478,NA
NAJS,300,2016,NA,NA,NA,NA,2102,NA,NA,NA,NA,NA,NA,NA,NA,NA
NAJS,300,2017,NA,NA,NA,NA,48546,NA,NA,NA,NA,NA,NA,NA,NA,NA
NAJS,300,2018,NA,NA,NA,NA,47211,NA,NA,NA,NA,NA,NA,NA,NA,NA
NAJS,300,2019,NA,NA,NA,NA,46231,NA,NA,NA,NA,NA,NA,NA,NA,NA
NAJS,300,2020,NA,NA,NA,NA,45887,NA,NA,NA,NA,NA,NA,NA,NA,NA
NAJS,300,2021,NA,NA,NA,NA,43928,NA,NA,NA,NA,NA,NA,NA,NA,NA
NAJS,300,2022,NA,NA,NA,NA,42765,NA,NA,NA,NA,NA,NA,NA,NA,NA
NAJS,300,2023,NA,NA,NA,NA,41819,NA,NA,NA,NA,NA,NA,NA,NA,NA
NAJS,300,2024,NA,NA,NA,NA,15914,NA,NA,NA,NA,NA,NA,NA,NA,NA
NAJS,400,NA,NA,NA,NA,NA,NA,-333,381.85714285714283,34.15076688461629,13.231680114945972,44,NA,21.142857142857142,44,NA
NAJS,500,AB,NA,NA,NA,NA,21330,NA,NA,NA,NA,NA,NA,NA,NA,NA
NAJS,500,DELIV,NA,NA,NA,NA,35653,NA,NA,NA,NA,NA,NA,NA,NA,NA
NAJS,500,ECT,NA,NA,NA,NA,8461,NA,NA,NA,NA,NA,NA,NA,NA,NA
NAJS,500,LB,NA,NA,NA,NA,235222,NA,NA,NA,NA,NA,NA,NA,NA,NA
NAJS,500,PREG,NA,NA,NA,NA,44822,NA,NA,NA,NA,NA,NA,NA,NA,NA
NAJS,500,SA,NA,NA,NA,NA,42977,NA,NA,NA,NA,NA,NA,NA,NA,NA
NAJS,500,SB,NA,NA,NA,NA,856,NA,NA,NA,NA,NA,NA,NA,NA,NA
NAJS,501,AB,NA,NA,NA,NA,19104,NA,NA,NA,NA,NA,NA,NA,NA,NA
NAJS,501,DELIV,NA,NA,NA,NA,32320,NA,NA,NA,NA,NA,NA,NA,NA,NA
NAJS,501,ECT,NA,NA,NA,NA,7553,NA,NA,NA,NA,NA,NA,NA,NA,NA
NAJS,501,LB,NA,NA,NA,NA,173677,NA,NA,NA,NA,NA,NA,NA,NA,NA
NAJS,501,PREG,NA,NA,NA,NA,37188,NA,NA,NA,NA,NA,NA,NA,NA,NA
NAJS,501,SA,NA,NA,NA,NA,35859,NA,NA,NA,NA,NA,NA,NA,NA,NA
NAJS,501,SB,NA,NA,NA,NA,817,NA,NA,NA,NA,NA,NA,NA,NA,NA
NAJS,600,cesarean,AB,NA,NA,NA,58,NA,NA,NA,NA,NA,NA,NA,NA,NA
NAJS,600,cesarean,DELIV,NA,NA,NA,25698,NA,NA,NA,NA,NA,NA,NA,NA,NA
NAJS,600,cesarean,ECT,NA,NA,NA,41,NA,NA,NA,NA,NA,NA,NA,NA,NA
NAJS,600,cesarean,LB,NA,NA,NA,59615,NA,NA,NA,NA,NA,NA,NA,NA,NA
NAJS,600,cesarean,PREG,NA,NA,NA,62,NA,NA,NA,NA,NA,NA,NA,NA,NA
NAJS,600,cesarean,SA,NA,NA,NA,99,NA,NA,NA,NA,NA,NA,NA,NA,NA
NAJS,600,cesarean,SB,NA,NA,NA,212,NA,NA,NA,NA,NA,NA,NA,NA,NA
NAJS,600,vaginal,AB,NA,NA,NA,8,NA,NA,NA,NA,NA,NA,NA,NA,NA
NAJS,600,vaginal,DELIV,NA,NA,NA,1239,NA,NA,NA,NA,NA,NA,NA,NA,NA
NAJS,600,vaginal,ECT,NA,NA,NA,0,NA,NA,NA,NA,NA,NA,NA,NA,NA
NAJS,600,vaginal,LB,NA,NA,NA,210159,NA,NA,NA,NA,NA,NA,NA,NA,NA
NAJS,600,vaginal,PREG,NA,NA,NA,92,NA,NA,NA,NA,NA,NA,NA,NA,NA
NAJS,600,vaginal,SA,NA,NA,NA,23,NA,NA,NA,NA,NA,NA,NA,NA,NA
NAJS,600,vaginal,SB,NA,NA,NA,7,NA,NA,NA,NA,NA,NA,NA,NA,NA
NAJS,601,cesarean,AB,NA,NA,NA,42,NA,NA,NA,NA,NA,NA,NA,NA,NA
NAJS,601,cesarean,DELIV,NA,NA,NA,18067,NA,NA,NA,NA,NA,NA,NA,NA,NA
NAJS,601,cesarean,ECT,NA,NA,NA,29,NA,NA,NA,NA,NA,NA,NA,NA,NA
NAJS,601,cesarean,LB,NA,NA,NA,44941,NA,NA,NA,NA,NA,NA,NA,NA,NA
NAJS,601,cesarean,PREG,NA,NA,NA,47,NA,NA,NA,NA,NA,NA,NA,NA,NA
NAJS,601,cesarean,SA,NA,NA,NA,72,NA,NA,NA,NA,NA,NA,NA,NA,NA
NAJS,601,cesarean,SB,NA,NA,NA,146,NA,NA,NA,NA,NA,NA,NA,NA,NA
NAJS,601,vaginal,AB,NA,NA,NA,7,NA,NA,NA,NA,NA,NA,NA,NA,NA
NAJS,601,vaginal,DELIV,NA,NA,NA,850,NA,NA,NA,NA,NA,NA,NA,NA,NA
NAJS,601,vaginal,ECT,NA,NA,NA,0,NA,NA,NA,NA,NA,NA,NA,NA,NA
NAJS,601,vaginal,LB,NA,NA,NA,157133,NA,NA,NA,NA,NA,NA,NA,NA,NA
NAJS,601,vaginal,PREG,NA,NA,NA,65,NA,NA,NA,NA,NA,NA,NA,NA,NA
NAJS,601,vaginal,SA,NA,NA,NA,23,NA,NA,NA,NA,NA,NA,NA,NA,NA
NAJS,601,vaginal,SB,NA,NA,NA,7,NA,NA,NA,NA,NA,NA,NA,NA,NA
NAJS,700,NA,NA,NA,NA,NA,255854,1,22,1.5219930116394507,0.8185024134600669,1,1,1,2,3
NLHR@UIO,100,NA,NA,NA,NA,NA,400865,NA,NA,NA,NA,NA,NA,NA,NA,NA
NLHR@UIO,101,NA,NA,NA,NA,NA,277819,NA,NA,NA,NA,NA,NA,NA,NA,NA
NLHR@UIO,200,10-19,NA,NA,NA,NA,6989,NA,NA,NA,NA,NA,NA,NA,NA,NA
NLHR@UIO,200,20-29,NA,NA,NA,NA,159370,NA,NA,NA,NA,NA,NA,NA,NA,NA
NLHR@UIO,200,30-39,NA,NA,NA,NA,212552,NA,NA,NA,NA,NA,NA,NA,NA,NA
NLHR@UIO,200,40-49,NA,NA,NA,NA,21614,NA,NA,NA,NA,NA,NA,NA,NA,NA
NLHR@UIO,200,50-59,NA,NA,NA,NA,339,NA,NA,NA,NA,NA,NA,NA,NA,NA
NLHR@UIO,201,NA,NA,NA,NA,NA,400865,14.1957563312799,55.6796714579055,30.7078227590194,NA,30.6036960985626,NA,27.1238877481177,34.2203969883641,NA
NLHR@UIO,300,2017,NA,NA,NA,NA,8,NA,NA,NA,NA,NA,NA,NA,NA,NA
NLHR@UIO,300,2018,NA,NA,NA,NA,77066,NA,NA,NA,NA,NA,NA,NA,NA,NA
NLHR@UIO,300,2019,NA,NA,NA,NA,74784,NA,NA,NA,NA,NA,NA,NA,NA,NA
NLHR@UIO,300,2020,NA,NA,NA,NA,77131,NA,NA,NA,NA,NA,NA,NA,NA,NA
NLHR@UIO,300,2021,NA,NA,NA,NA,73447,NA,NA,NA,NA,NA,NA,NA,NA,NA
NLHR@UIO,300,2022,NA,NA,NA,NA,75275,NA,NA,NA,NA,NA,NA,NA,NA,NA
NLHR@UIO,300,2023,NA,NA,NA,NA,22358,NA,NA,NA,NA,NA,NA,NA,NA,NA
NLHR@UIO,400,NA,NA,NA,NA,NA,NA,12,97.71428571428571,37.13558322983686,10.731307605241643,44,NA,24,44,NA
NLHR@UIO,500,AB,NA,NA,NA,NA,57063,NA,NA,NA,NA,NA,NA,NA,NA,NA
NLHR@UIO,500,DELIV,NA,NA,NA,NA,3518,NA,NA,NA,NA,NA,NA,NA,NA,NA
NLHR@UIO,500,ECT,NA,NA,NA,NA,7654,NA,NA,NA,NA,NA,NA,NA,NA,NA
NLHR@UIO,500,LB,NA,NA,NA,NA,271945,NA,NA,NA,NA,NA,NA,NA,NA,NA
NLHR@UIO,500,PREG,NA,NA,NA,NA,37,NA,NA,NA,NA,NA,NA,NA,NA,NA
NLHR@UIO,500,SA,NA,NA,NA,NA,58704,NA,NA,NA,NA,NA,NA,NA,NA,NA
NLHR@UIO,500,SB,NA,NA,NA,NA,1944,NA,NA,NA,NA,NA,NA,NA,NA,NA
NLHR@UIO,501,AB,NA,NA,NA,NA,49018,NA,NA,NA,NA,NA,NA,NA,NA,NA
NLHR@UIO,501,DELIV,NA,NA,NA,NA,3446,NA,NA,NA,NA,NA,NA,NA,NA,NA
NLHR@UIO,501,ECT,NA,NA,NA,NA,7230,NA,NA,NA,NA,NA,NA,NA,NA,NA
NLHR@UIO,501,LB,NA,NA,NA,NA,220387,NA,NA,NA,NA,NA,NA,NA,NA,NA
NLHR@UIO,501,PREG,NA,NA,NA,NA,37,NA,NA,NA,NA,NA,NA,NA,NA,NA
NLHR@UIO,501,SA,NA,NA,NA,NA,51759,NA,NA,NA,NA,NA,NA,NA,NA,NA
NLHR@UIO,501,SB,NA,NA,NA,NA,1893,NA,NA,NA,NA,NA,NA,NA,NA,NA
NLHR@UIO,600,cesarean,AB,NA,NA,NA,167,NA,NA,NA,NA,NA,NA,NA,NA,NA
NLHR@UIO,600,cesarean,DELIV,NA,NA,NA,90,NA,NA,NA,NA,NA,NA,NA,NA,NA
NLHR@UIO,600,cesarean,ECT,NA,NA,NA,0,NA,NA,NA,NA,NA,NA,NA,NA,NA
NLHR@UIO,600,cesarean,LB,NA,NA,NA,25827,NA,NA,NA,NA,NA,NA,NA,NA,NA
NLHR@UIO,600,cesarean,PREG,NA,NA,NA,0,NA,NA,NA,NA,NA,NA,NA,NA,NA
NLHR@UIO,600,cesarean,SA,NA,NA,NA,10,NA,NA,NA,NA,NA,NA,NA,NA,NA
NLHR@UIO,600,cesarean,SB,NA,NA,NA,228,NA,NA,NA,NA,NA,NA,NA,NA,NA
NLHR@UIO,600,vaginal,AB,NA,NA,NA,0,NA,NA,NA,NA,NA,NA,NA,NA,NA
NLHR@UIO,600,vaginal,DELIV,NA,NA,NA,0,NA,NA,NA,NA,NA,NA,NA,NA,NA
NLHR@UIO,600,vaginal,ECT,NA,NA,NA,0,NA,NA,NA,NA,NA,NA,NA,NA,NA
NLHR@UIO,600,vaginal,LB,NA,NA,NA,0,NA,NA,NA,NA,NA,NA,NA,NA,NA
NLHR@UIO,600,vaginal,PREG,NA,NA,NA,0,NA,NA,NA,NA,NA,NA,NA,NA,NA
NLHR@UIO,600,vaginal,SA,NA,NA,NA,0,NA,NA,NA,NA,NA,NA,NA,NA,NA
NLHR@UIO,600,vaginal,SB,NA,NA,NA,0,NA,NA,NA,NA,NA,NA,NA,NA,NA
NLHR@UIO,601,cesarean,AB,NA,NA,NA,167,NA,NA,NA,NA,NA,NA,NA,NA,NA
NLHR@UIO,601,cesarean,DELIV,NA,NA,NA,69,NA,NA,NA,NA,NA,NA,NA,NA,NA
NLHR@UIO,601,cesarean,ECT,NA,NA,NA,0,NA,NA,NA,NA,NA,NA,NA,NA,NA
NLHR@UIO,601,cesarean,LB,NA,NA,NA,25494,NA,NA,NA,NA,NA,NA,NA,NA,NA
NLHR@UIO,601,cesarean,PREG,NA,NA,NA,0,NA,NA,NA,NA,NA,NA,NA,NA,NA
NLHR@UIO,601,cesarean,SA,NA,NA,NA,10,NA,NA,NA,NA,NA,NA,NA,NA,NA
NLHR@UIO,601,cesarean,SB,NA,NA,NA,228,NA,NA,NA,NA,NA,NA,NA,NA,NA
NLHR@UIO,601,vaginal,AB,NA,NA,NA,0,NA,NA,NA,NA,NA,NA,NA,NA,NA
NLHR@UIO,601,vaginal,DELIV,NA,NA,NA,0,NA,NA,NA,NA,NA,NA,NA,NA,NA
NLHR@UIO,601,vaginal,ECT,NA,NA,NA,0,NA,NA,NA,NA,NA,NA,NA,NA,NA
NLHR@UIO,601,vaginal,LB,NA,NA,NA,0,NA,NA,NA,NA,NA,NA,NA,NA,NA
NLHR@UIO,601,vaginal,PREG,NA,NA,NA,0,NA,NA,NA,NA,NA,NA,NA,NA,NA
NLHR@UIO,601,vaginal,SA,NA,NA,NA,0,NA,NA,NA,NA,NA,NA,NA,NA,NA
NLHR@UIO,601,vaginal,SB,NA,NA,NA,0,NA,NA,NA,NA,NA,NA,NA,NA,NA
NLHR@UIO,700,NA,NA,NA,NA,NA,277821,1,12,1.4429758729541684,0.6856873759602164,1,1,1,2,2
SIDIAP,100,NA,NA,NA,NA,NA,638009,NA,NA,NA,NA,NA,NA,NA,NA,NA
SIDIAP,101,NA,NA,NA,NA,NA,508160,NA,NA,NA,NA,NA,NA,NA,NA,NA
SIDIAP,200,10-19,NA,NA,NA,NA,21654,NA,NA,NA,NA,NA,NA,NA,NA,NA
SIDIAP,200,20-29,NA,NA,NA,NA,196487,NA,NA,NA,NA,NA,NA,NA,NA,NA
SIDIAP,200,30-39,NA,NA,NA,NA,348925,NA,NA,NA,NA,NA,NA,NA,NA,NA
SIDIAP,200,40-49,NA,NA,NA,NA,63922,NA,NA,NA,NA,NA,NA,NA,NA,NA
SIDIAP,200,50-59,NA,NA,NA,NA,7021,NA,NA,NA,NA,NA,NA,NA,NA,NA
SIDIAP,201,NA,NA,NA,NA,NA,638009,14.1218343600274,55.5373032169747,31.9439166987863,NA,32.2190280629706,NA,27.564681724846,36.3175906913073,NA
SIDIAP,300,2009,NA,NA,NA,NA,208,NA,NA,NA,NA,NA,NA,NA,NA,NA
SIDIAP,300,2010,NA,NA,NA,NA,50490,NA,NA,NA,NA,NA,NA,NA,NA,NA
SIDIAP,300,2011,NA,NA,NA,NA,45869,NA,NA,NA,NA,NA,NA,NA,NA,NA
SIDIAP,300,2012,NA,NA,NA,NA,40951,NA,NA,NA,NA,NA,NA,NA,NA,NA
SIDIAP,300,2013,NA,NA,NA,NA,39216,NA,NA,NA,NA,NA,NA,NA,NA,NA
SIDIAP,300,2014,NA,NA,NA,NA,36904,NA,NA,NA,NA,NA,NA,NA,NA,NA
SIDIAP,300,2015,NA,NA,NA,NA,36197,NA,NA,NA,NA,NA,NA,NA,NA,NA
SIDIAP,300,2016,NA,NA,NA,NA,35325,NA,NA,NA,NA,NA,NA,NA,NA,NA
SIDIAP,300,2017,NA,NA,NA,NA,36410,NA,NA,NA,NA,NA,NA,NA,NA,NA
SIDIAP,300,2018,NA,NA,NA,NA,39335,NA,NA,NA,NA,NA,NA,NA,NA,NA
SIDIAP,300,2019,NA,NA,NA,NA,39848,NA,NA,NA,NA,NA,NA,NA,NA,NA
SIDIAP,300,2020,NA,NA,NA,NA,39345,NA,NA,NA,NA,NA,NA,NA,NA,NA
SIDIAP,300,2021,NA,NA,NA,NA,41922,NA,NA,NA,NA,NA,NA,NA,NA,NA
SIDIAP,300,2022,NA,NA,NA,NA,42806,NA,NA,NA,NA,NA,NA,NA,NA,NA
SIDIAP,300,2023,NA,NA,NA,NA,45522,NA,NA,NA,NA,NA,NA,NA,NA,NA
SIDIAP,300,2024,NA,NA,NA,NA,23045,NA,NA,NA,NA,NA,NA,NA,NA,NA
SIDIAP,400,NA,NA,NA,NA,NA,NA,-230.71428571428572,706.7142857142857,42.165775314857854,42.878523320814146,39,NA,24,41.714285714285715,NA
SIDIAP,500,AB,NA,NA,NA,NA,81288,NA,NA,NA,NA,NA,NA,NA,NA,NA
SIDIAP,500,DELIV,NA,NA,NA,NA,232699,NA,NA,NA,NA,NA,NA,NA,NA,NA
SIDIAP,500,ECT,NA,NA,NA,NA,7348,NA,NA,NA,NA,NA,NA,NA,NA,NA
SIDIAP,500,LB,NA,NA,NA,NA,201225,NA,NA,NA,NA,NA,NA,NA,NA,NA
SIDIAP,500,PREG,NA,NA,NA,NA,73959,NA,NA,NA,NA,NA,NA,NA,NA,NA
SIDIAP,500,SA,NA,NA,NA,NA,39573,NA,NA,NA,NA,NA,NA,NA,NA,NA
SIDIAP,500,SB,NA,NA,NA,NA,1917,NA,NA,NA,NA,NA,NA,NA,NA,NA
SIDIAP,501,AB,NA,NA,NA,NA,69864,NA,NA,NA,NA,NA,NA,NA,NA,NA
SIDIAP,501,DELIV,NA,NA,NA,NA,207002,NA,NA,NA,NA,NA,NA,NA,NA,NA
SIDIAP,501,ECT,NA,NA,NA,NA,6720,NA,NA,NA,NA,NA,NA,NA,NA,NA
SIDIAP,501,LB,NA,NA,NA,NA,183914,NA,NA,NA,NA,NA,NA,NA,NA,NA
SIDIAP,501,PREG,NA,NA,NA,NA,67793,NA,NA,NA,NA,NA,NA,NA,NA,NA
SIDIAP,501,SA,NA,NA,NA,NA,35584,NA,NA,NA,NA,NA,NA,NA,NA,NA
SIDIAP,501,SB,NA,NA,NA,NA,1853,NA,NA,NA,NA,NA,NA,NA,NA,NA
SIDIAP,600,cesarean,AB,NA,NA,NA,174,NA,NA,NA,NA,NA,NA,NA,NA,NA
SIDIAP,600,cesarean,DELIV,NA,NA,NA,46338,NA,NA,NA,NA,NA,NA,NA,NA,NA
SIDIAP,600,cesarean,ECT,NA,NA,NA,8,NA,NA,NA,NA,NA,NA,NA,NA,NA
SIDIAP,600,cesarean,LB,NA,NA,NA,36783,NA,NA,NA,NA,NA,NA,NA,NA,NA
SIDIAP,600,cesarean,PREG,NA,NA,NA,1032,NA,NA,NA,NA,NA,NA,NA,NA,NA
SIDIAP,600,cesarean,SA,NA,NA,NA,66,NA,NA,NA,NA,NA,NA,NA,NA,NA
SIDIAP,600,cesarean,SB,NA,NA,NA,115,NA,NA,NA,NA,NA,NA,NA,NA,NA
SIDIAP,600,vaginal,AB,NA,NA,NA,37,NA,NA,NA,NA,NA,NA,NA,NA,NA
SIDIAP,600,vaginal,DELIV,NA,NA,NA,44092,NA,NA,NA,NA,NA,NA,NA,NA,NA
SIDIAP,600,vaginal,ECT,NA,NA,NA,4,NA,NA,NA,NA,NA,NA,NA,NA,NA
SIDIAP,600,vaginal,LB,NA,NA,NA,142932,NA,NA,NA,NA,NA,NA,NA,NA,NA
SIDIAP,600,vaginal,PREG,NA,NA,NA,2254,NA,NA,NA,NA,NA,NA,NA,NA,NA
SIDIAP,600,vaginal,SA,NA,NA,NA,90,NA,NA,NA,NA,NA,NA,NA,NA,NA
SIDIAP,600,vaginal,SB,NA,NA,NA,634,NA,NA,NA,NA,NA,NA,NA,NA,NA
SIDIAP,601,cesarean,AB,NA,NA,NA,172,NA,NA,NA,NA,NA,NA,NA,NA,NA
SIDIAP,601,cesarean,DELIV,NA,NA,NA,43796,NA,NA,NA,NA,NA,NA,NA,NA,NA
SIDIAP,601,cesarean,ECT,NA,NA,NA,8,NA,NA,NA,NA,NA,NA,NA,NA,NA
SIDIAP,601,cesarean,LB,NA,NA,NA,34540,NA,NA,NA,NA,NA,NA,NA,NA,NA
SIDIAP,601,cesarean,PREG,NA,NA,NA,940,NA,NA,NA,NA,NA,NA,NA,NA,NA
SIDIAP,601,cesarean,SA,NA,NA,NA,65,NA,NA,NA,NA,NA,NA,NA,NA,NA
SIDIAP,601,cesarean,SB,NA,NA,NA,112,NA,NA,NA,NA,NA,NA,NA,NA,NA
SIDIAP,601,vaginal,AB,NA,NA,NA,35,NA,NA,NA,NA,NA,NA,NA,NA,NA
SIDIAP,601,vaginal,DELIV,NA,NA,NA,39619,NA,NA,NA,NA,NA,NA,NA,NA,NA
SIDIAP,601,vaginal,ECT,NA,NA,NA,3,NA,NA,NA,NA,NA,NA,NA,NA,NA
SIDIAP,601,vaginal,LB,NA,NA,NA,138602,NA,NA,NA,NA,NA,NA,NA,NA,NA
SIDIAP,601,vaginal,PREG,NA,NA,NA,2167,NA,NA,NA,NA,NA,NA,NA,NA,NA
SIDIAP,601,vaginal,SA,NA,NA,NA,87,NA,NA,NA,NA,NA,NA,NA,NA,NA
SIDIAP,601,vaginal,SB,NA,NA,NA,612,NA,NA,NA,NA,NA,NA,NA,NA,NA
SIDIAP,700,NA,NA,NA,NA,NA,508165,1,12,1.255617761947399,0.5397332747967258,1,1,1,1,2
SUCD,100,NA,NA,NA,NA,NA,129588,NA,NA,NA,NA,NA,NA,NA,NA,NA
SUCD,101,NA,NA,NA,NA,NA,94477,NA,NA,NA,NA,NA,NA,NA,NA,NA
SUCD,200,10-19,NA,NA,NA,NA,4276,NA,NA,NA,NA,NA,NA,NA,NA,NA
SUCD,200,20-29,NA,NA,NA,NA,39227,NA,NA,NA,NA,NA,NA,NA,NA,NA
SUCD,200,30-39,NA,NA,NA,NA,73624,NA,NA,NA,NA,NA,NA,NA,NA,NA
SUCD,200,40-49,NA,NA,NA,NA,12391,NA,NA,NA,NA,NA,NA,NA,NA,NA
SUCD,200,50-59,NA,NA,NA,NA,69,NA,NA,NA,NA,NA,NA,NA,NA,NA
SUCD,201,NA,NA,NA,NA,NA,129588,14.1574264202601,54.7542778918549,31.8385900605081,NA,32.1889117043121,NA,27.9233401779603,36.2655715263518,NA
SUCD,300,2009,NA,NA,NA,NA,19,NA,NA,NA,NA,NA,NA,NA,NA,NA
SUCD,300,2010,NA,NA,NA,NA,9673,NA,NA,NA,NA,NA,NA,NA,NA,NA
SUCD,300,2011,NA,NA,NA,NA,9349,NA,NA,NA,NA,NA,NA,NA,NA,NA
SUCD,300,2012,NA,NA,NA,NA,8912,NA,NA,NA,NA,NA,NA,NA,NA,NA
SUCD,300,2013,NA,NA,NA,NA,8348,NA,NA,NA,NA,NA,NA,NA,NA,NA
SUCD,300,2014,NA,NA,NA,NA,8215,NA,NA,NA,NA,NA,NA,NA,NA,NA
SUCD,300,2015,NA,NA,NA,NA,8359,NA,NA,NA,NA,NA,NA,NA,NA,NA
SUCD,300,2016,NA,NA,NA,NA,8536,NA,NA,NA,NA,NA,NA,NA,NA,NA
SUCD,300,2017,NA,NA,NA,NA,8734,NA,NA,NA,NA,NA,NA,NA,NA,NA
SUCD,300,2018,NA,NA,NA,NA,9803,NA,NA,NA,NA,NA,NA,NA,NA,NA
SUCD,300,2019,NA,NA,NA,NA,9738,NA,NA,NA,NA,NA,NA,NA,NA,NA
SUCD,300,2020,NA,NA,NA,NA,8668,NA,NA,NA,NA,NA,NA,NA,NA,NA
SUCD,300,2021,NA,NA,NA,NA,7487,NA,NA,NA,NA,NA,NA,NA,NA,NA
SUCD,300,2022,NA,NA,NA,NA,7486,NA,NA,NA,NA,NA,NA,NA,NA,NA
SUCD,300,2023,NA,NA,NA,NA,6939,NA,NA,NA,NA,NA,NA,NA,NA,NA
SUCD,300,2024,NA,NA,NA,NA,1244,NA,NA,NA,NA,NA,NA,NA,NA,NA
SUCD,400,NA,NA,NA,NA,NA,NA,-302.14285714285717,669.8571428571429,37.239997971593425,17.41397995040643,44,NA,24,44,NA
SUCD,500,AB,NA,NA,NA,NA,22657,NA,NA,NA,NA,NA,NA,NA,NA,NA
SUCD,500,DELIV,NA,NA,NA,NA,7010,NA,NA,NA,NA,NA,NA,NA,NA,NA
SUCD,500,ECT,NA,NA,NA,NA,1587,NA,NA,NA,NA,NA,NA,NA,NA,NA
SUCD,500,LB,NA,NA,NA,NA,76541,NA,NA,NA,NA,NA,NA,NA,NA,NA
SUCD,500,PREG,NA,NA,NA,NA,7552,NA,NA,NA,NA,NA,NA,NA,NA,NA
SUCD,500,SA,NA,NA,NA,NA,13868,NA,NA,NA,NA,NA,NA,NA,NA,NA
SUCD,500,SB,NA,NA,NA,NA,373,NA,NA,NA,NA,NA,NA,NA,NA,NA
SUCD,501,AB,NA,NA,NA,NA,19658,NA,NA,NA,NA,NA,NA,NA,NA,NA
SUCD,501,DELIV,NA,NA,NA,NA,6506,NA,NA,NA,NA,NA,NA,NA,NA,NA
SUCD,501,ECT,NA,NA,NA,NA,1526,NA,NA,NA,NA,NA,NA,NA,NA,NA
SUCD,501,LB,NA,NA,NA,NA,59734,NA,NA,NA,NA,NA,NA,NA,NA,NA
SUCD,501,PREG,NA,NA,NA,NA,7423,NA,NA,NA,NA,NA,NA,NA,NA,NA
SUCD,501,SA,NA,NA,NA,NA,12598,NA,NA,NA,NA,NA,NA,NA,NA,NA
SUCD,501,SB,NA,NA,NA,NA,369,NA,NA,NA,NA,NA,NA,NA,NA,NA
SUCD,600,cesarean,AB,NA,NA,NA,16,NA,NA,NA,NA,NA,NA,NA,NA,NA
SUCD,600,cesarean,DELIV,NA,NA,NA,1378,NA,NA,NA,NA,NA,NA,NA,NA,NA
SUCD,600,cesarean,ECT,NA,NA,NA,1,NA,NA,NA,NA,NA,NA,NA,NA,NA
SUCD,600,cesarean,LB,NA,NA,NA,93518,NA,NA,NA,NA,NA,NA,NA,NA,NA
SUCD,600,cesarean,PREG,NA,NA,NA,0,NA,NA,NA,NA,NA,NA,NA,NA,NA
SUCD,600,cesarean,SA,NA,NA,NA,14,NA,NA,NA,NA,NA,NA,NA,NA,NA
SUCD,600,cesarean,SB,NA,NA,NA,280,NA,NA,NA,NA,NA,NA,NA,NA,NA
SUCD,600,vaginal,AB,NA,NA,NA,9,NA,NA,NA,NA,NA,NA,NA,NA,NA
SUCD,600,vaginal,DELIV,NA,NA,NA,5,NA,NA,NA,NA,NA,NA,NA,NA,NA
SUCD,600,vaginal,ECT,NA,NA,NA,0,NA,NA,NA,NA,NA,NA,NA,NA,NA
SUCD,600,vaginal,LB,NA,NA,NA,9112,NA,NA,NA,NA,NA,NA,NA,NA,NA
SUCD,600,vaginal,PREG,NA,NA,NA,0,NA,NA,NA,NA,NA,NA,NA,NA,NA
SUCD,600,vaginal,SA,NA,NA,NA,7,NA,NA,NA,NA,NA,NA,NA,NA,NA
SUCD,600,vaginal,SB,NA,NA,NA,30,NA,NA,NA,NA,NA,NA,NA,NA,NA
SUCD,601,cesarean,AB,NA,NA,NA,13,NA,NA,NA,NA,NA,NA,NA,NA,NA
SUCD,601,cesarean,DELIV,NA,NA,NA,1016,NA,NA,NA,NA,NA,NA,NA,NA,NA
SUCD,601,cesarean,ECT,NA,NA,NA,1,NA,NA,NA,NA,NA,NA,NA,NA,NA
SUCD,601,cesarean,LB,NA,NA,NA,38304,NA,NA,NA,NA,NA,NA,NA,NA,NA
SUCD,601,cesarean,PREG,NA,NA,NA,0,NA,NA,NA,NA,NA,NA,NA,NA,NA
SUCD,601,cesarean,SA,NA,NA,NA,11,NA,NA,NA,NA,NA,NA,NA,NA,NA
SUCD,601,cesarean,SB,NA,NA,NA,118,NA,NA,NA,NA,NA,NA,NA,NA,NA
SUCD,601,vaginal,AB,NA,NA,NA,9,NA,NA,NA,NA,NA,NA,NA,NA,NA
SUCD,601,vaginal,DELIV,NA,NA,NA,5,NA,NA,NA,NA,NA,NA,NA,NA,NA
SUCD,601,vaginal,ECT,NA,NA,NA,0,NA,NA,NA,NA,NA,NA,NA,NA,NA
SUCD,601,vaginal,LB,NA,NA,NA,8903,NA,NA,NA,NA,NA,NA,NA,NA,NA
SUCD,601,vaginal,PREG,NA,NA,NA,0,NA,NA,NA,NA,NA,NA,NA,NA,NA
SUCD,601,vaginal,SA,NA,NA,NA,7,NA,NA,NA,NA,NA,NA,NA,NA,NA
SUCD,601,vaginal,SB,NA,NA,NA,30,NA,NA,NA,NA,NA,NA,NA,NA,NA
SUCD,700,NA,NA,NA,NA,NA,94478,1,12,1.3717373356760303,0.713994191363624,1,1,1,2,2
